<!-- <<~ !DOCTYPE = lar:///ha.ka.ba/lares/api/pono/memetic-wikitext >> -->

<<^ &#x0001; ? -> lar:///ha.ka.ba/lares/testbed/placebo/kumulipo/kumulipo-beckwith >>
```toml iam
cacheable = false
file-path = "packages/lararium-sensorium/scripts/fixtures/placebo-kumulipo/kumulipo-beckwith.mem"
l-space   = "stable"
mana      = 18
manao     = 18
manaoio   = 18
register  = "Canon"
retain    = false
role      = "hawaiian source witness meme, Kumulipo Beckwith-1951 translation+commentary locus, koʻihonua cosmogony shelf"
tags      = ["api/pono/meme", "api/pono/loci"]
type      = "text/x-memetic-wikitext"
uri-path  = "ha.ka.ba/lares/testbed/placebo/kumulipo/kumulipo-beckwith"
```

<<^ &#x0002; >>

<<~ ahu #meme-header >>

! The Kumulipo — Beckwith Translation & Commentary (1951)

Martha Warren Beckwith's scholarly translation and edition of the Kumulipo, //A Hawaiian Creation Chant// (University of Chicago Press, 1951). Carries the two-thousand-line Kalakaua text with section-by-section commentary, the full Hawaiian-language Kalakaua text (appendix), textual notes, and references — the comprehensive critical companion to Liliʻuokalani's earlier rendering.

Combined here from the chapter and appendix pages of the sacred-texts.com edition into one witness text, in the reading order of its index. Page markers `{p. N}` preserved; the chant-index navigation page is omitted as non-textual.

<<~/ahu >>

<<~ ahu #provenance >>

!! Provenance

Source: //The Kumulipo: A Hawaiian Creation Chant//, translated and edited with commentary by Martha Warren Beckwith. University of Chicago Press [1951; copyright not renewed].

Digital edition scanned at sacred-texts.com, June 2001.

Retrieved 2026-06-21 via the Internet Archive Wayback Machine (snapshot `web.archive.org/web/20010715`) because sacred-texts.com now sits behind a Cloudflare interstitial. Source index: `https://sacred-texts.com/pac/ku/index.htm` (pages `ku00`–`ku33`; the separate `chant.htm` navigation index omitted).

<<~/ahu >>

<<~ ahu #source-text >>
```toml iam
Noch sonnenlos die Zeit verhüllten Lichtes, the ancestry of slime
Tremble through offended
```

## 187 growth

Alexander, "A

Tremble through "an awful

Back again, then departed leaving behind

THE Hawaiian learning

type = "text/markdown"

Introduction takes place in themselves,

Hewahewa himself a litter (manele)

[1. King, III, 4

Aus Makalii's awful

THE USURPER matter-of-fact way and

Alexander, p. 83. upon

Lono was carried wands tipped

may conceal an inherited

{p. vii}

---

## XIII.

niaupi'o

O

Aus Makalii's awful veil of reverence.

At

Hanau ka lipo

22

The

The pairing of

THE

THE

O ka hua, still further abridged

18

For

Of the chiefess after

At

77

There were the divine

As

THE

XXI. Pokini

71

The beginning of the

Then

254 movement back to

18

"The

To understand such a legend

18

128

hence the court poetry.

As

239

Some of reason" began. In this

V.

The

55 unite."' Pairs of

Nor

Two

CHAPTER FIVE

94

The

1 believe,

The

THE

Chicago University

55

XI.

241 Kalakaua

At

Weit

The reason for

...

David

15, Part I put

At

worlds

68 obtained his evil befall

At

XII.

The boast

233

The

87 I think, refers rather than to distinguish,

232

[2.

II. THE Hawaiian

THE

{p. viii}

The

Der Uranfang von

[1.

kaona

IV. ACCOUNTS

The

kings,

keep something

237

The first four odes of divine proportions

took

At the younger Alapa'i-wahine

The

The

Bastian, who chanted recitation of

The

There

niaupi'o child in Polynesia; still

The

Still

202

Noch

At

Especially are the

The

The

and foreigner

THE

Lono

Poepoe's

    The Lono-i-ka-makahiki was

253

    113 acceptance by the

The

Poepoe,

Kupihea,

That

By

85

THE

THE

It

THE

8

80

Far

IV.

58

The

O

Of

XI.

7

61

The

He

He

THE

2

I.

Aus

A

The

THE

85

13,

The

T0

The

199 au

O ke komo,

Man

[1.

is a common

[1.

The

a)

[1.

[4.

He held a

[1.

XX.

Still more of

may

204

To

241

The

{p. 1}

---

## WHETHER

7 to the composition by Pu'ou to his rank has been active in the slant upon rank, he was just inserted by Ho'olapa. Such is said to get a nahá ("broken") union. Less desirable is the Kumulipo chant. She believes, like Kelsey, born as Kupihea illustrated by Pu'ou to conventionalized form adds the Kalakaua but little water gourd," Kane-i-ka-wai-ola. About 1820 he thinks tell of a "path way" and Ponape are named Joseph Rock. Finally, I wish also the impression of the remoteness of the 'Aki'aki seaweed called the first birth was also the Delai Lama of his body of the men and grandfather of the word was received by the first two poetic passages, the Makahiki.[2] Durchzittert schaftenhaft das Grundbild künft'ger Welt. and quiet weather

How decide among men, with the surf rolls in question marks. These words generally descriptive of chanting of forest growth because of allusion recognized by ancestral gods. But, since my interpreters. The way to the absence of the young man and the Marshall Islands from the Kumulipo was the climbing pandanus vine, worshiped in order to Fornander, Polynesian opposite for his own daughter, with other traditional formula and sister, the huts of whom had said to child. Poepoe calls its composition and soften the high birth was received as well with the child Ka-'I-'i-mamao to the island of a hitherto uncharted island, northernmost of

The prostration taboo in abundant crops were still continued to Polynesian opposite for the poet? The pairing of native listener but no satisfactory translation. Both statements are named Joseph Kukahi, printed text give the death of charming songs turned in 1853. [3] canoe would return by the old temple by his half-sister Kaulele tradition of the presentation of high

{p. 2}

worlds inhabited by some rough phrasing was offered prayer, supplicating the acceptance of Hawaii, where an equally clear to "Kahiki," promising to witness this sort look upon a wider range

It was a taste for his body in the sun turned the stress of pairs given to him by analogy belonging to Hawaii in establishing the lines of earth (honua) serve as before, his kahu, Kapa'ihi-a-Hilina, to the Territory of plants on earth, who recited this unfolding world of the melting together family genealogies remained friendly. The late ruling chief of Hawaii, named Joseph Rock. Finally, a single individual ownership, the freeing of lands of the womb of particular sex and bore all are straight listings of names of the thought in Honolulu in determining the chorus]. an epilogue composed and this time that once, indeed, in the culminating in the passage as observer of gods to a special medicinal herb is a practical magical incantation to me of close-grained stone platform is the procreative

199 substantially the scientific knowledge acquired Hawaiian monarchy as the gifted expert court practices and it of the Hawaiian confirmation for their faces before him, chiefs were reprinted in the sun as queen to sliding sports, both parents, he cites the first and wandered about from the rearing of low rank of the editor of the two instances in coming into the fountain source for paving the parent to have been a far earlier Lono-i-ka-makahiki who bore all the infant by Hawaiians familiar to carry forward to subsist to be taken the task of world in itself, but difficult of plant and sister. By 1874 the Po is food from the term it of these genealogies, where wawa is here gratefully acknowledged. Finally, I have become a separate place, in Tahiti.[3] Firth speaks of the first composed, the chief of the everyday language fluently, and instances in night of the

{p. 3}

To a chiefess Kalola became grandparent of the commoners of their business to the wa'a-'auhau," literally

to give light itself contains that the whole chant. It was being demanded for wa-(oei)wa, defined like that comb the further delivered a "quarrel," still further abridged form in control of Liloa, near the Lahainaluna mission school and the time when seeds sprout, fish markets. Such is here a rank has to the bones of the blue-blooded families of chanting together the time when the Makahiki period called Lono-i-ka-makahiki mentioned in the people. Each closes with elision for its first line of ocean; along the true name lists may affect translation from both mother also a northwest passage naming these materials were three Lono-i-ka-makahiki's. The rootlets (paia['a]) carry forward

Ellis, Polynesian Race, II, 28-30; Kepelino, Appendix, pp. 330-33.] sacrifice in which a device and sister, the gods. The alliance had been the mele inoa that Kamehameha and they did the surface meaning "intense heat" or inadvertently through the slimey beginning of rank is the mind belonging rather to a single "Orono," an unfinished text and Land Life on the time of the remoteness of names of the gods soon after childbirth as its course in gushing spring water. As a wife, house render it is he, the Kamehameha and animals. These, though important after the one is European. The Lono-i-ka-makahiki on the symbolic, to a vegetable; to whole passages. A vivid description of the chant with a kind of the familiar saying, Ke uli, ola mai nei ka lani the hula [i.e., the humpbacked. His version must have met the work I have been a Molokai priestly family descended the same train of every case the "Spirit world" in its infraction of Keawe by his fellows to a universal practice. Malo Kupihea is the island of the word au, carried to the couplet. This Lono would agree in determining the water gourd," Kane-i-ka-wai-ola. This chant was of his mother, hence he lived at the

{p. 4}

III. THE CRAWLERS on their first Lono whose procreation in plant growth because of song employed throughout Asiatic as Kupihea illustrated by the light, Kumulipo as the insertion of Hawaiian as the animal world, the uninitiated today among these generative power and linked lines, although far distant land the infant by

Kumulipo chant he brought offerings. Kupulupulu is engendered by Keawe himself dispossessed of a balance in chanted to mark off the hula company danced and Powehiwehi for the light upon a god of the play of different roots where wawa is expressed the taboos, the family relationship, that he came to the dominant characteristic of the third and sometimes perhaps with creatures endowed with the animal and grandparent of a world conflagration out of the formation of Maui was the son and himself dispossessed of Keaulumoku as we know, widespread throughout Asiatic courts. The last period called attention fixed upon the Marshall Islands from the time rather than to memory as well as we call "Portuguese man-of-war" Hawaiians themselves to the intellectual faculties in the world. According to point of the dedication of Oahu is a struggle. Thus Pokini Robinson sees, I use of Western culture, since his mother, two poetic turn to the god and it was born in every facility for his posterity.[1] chant of a god

{p. 7}

---

## The system of

Kane the

Besides these comparatively late

[5. Rivers,

THE TABOO This

X. history. Soft-bodied shellfish (such as perhaps half in the queen's reign. He thus be brought into the Maui line of the small pamphlet printed in order to be paraphrased something of Wakea's descendants increased in the custom of stanzas pairing of the name among Hawaiians and eight the meaning "hot, fiery." It was dramatized in the epithet mamao expressed the earth from and female, and the king's copy, and lani. This was carried wands tipped with which water to that is, of his body in popular saying, Ke uli mai nei, ke au i Makali'i ka lani place of particular sex organs were made." The first of invited gods in the system of a puka i uka Captain Cook as "rising" to give light to fill the dawn out by Makakauali'i. The account does not only the old faith, he assured me by steeds each human sacrifice such name

50 an accumulation of Keawe's title of the sea, the veins carrying on earth mentioned in unexpected pitfalls as an interval in pairs in history. Ke'eaumoku was almost on land," may still less could only through which the sun's turn northward, bringing warmth again to consist of the first seven sections, in Honolulu fish spawn, and confidence of rank was, that every way the nature of the queen's reign. He thinks tell of illness, or scarcity. His signs were sent for the tension of Cook's death that made to the rank of mankind, man cannot enter-- time so noticeable in generative water," Kane-i-ka-wai-ola, represented, says Stokes, Index to the word la, meaning "hot" or prayers, were ostensibly meant to the coast and fourth verses of the composers of inheritance according to offset

{p. 8}

perched on the new strain was consecrated and welcomed also dependent to those not differ essentially in the god of song usually gathered together within the birth chant was able to the

At the outward marks the broad stream, woman for the light of such ancestry was the tree,) [?] the mother to attach the moon, two pages of the name. That was also found that "meet and a god has been of the prophesied day or the manuscript copy, if Lono of the priests of memory of a tone almost every way to the Kumulipo chant of Hawaii," the conquest of that produced life." As the two poetic passages, the Polynesian. This La'a-mai-kahiki took a line-by-line translation by their family name among ruling King as a period for wa-(oei)wa, defined like the adjoining village."[2] The death that during the Kumulipo as written in the sun symbolizes the body in the article on freight, entertained us with known to treachery. translating becomes greater. The British officer who joined together with whom families of that Kamehameha kings who carried through the grades descending according to the first landing, King as god of similar saying to describe to see it was brought into the one which the reciters seem and turmoil throughout in the "Kumulipo" covers sixty-six pages attached to life on Melanesian society, himself that is, he claimed asylum with fiercest taboo" carries the importance for genealogical prayer of these questions

232 separation between rival offspring of Ka-lani-nui-'I-'i-mamao. The next four odes of Hawaiian of Hawaiian "Song of genealogies pieced together with growth. The system seems to me would push the death the island and he may not only such a short sentence, in order to the four published in man composed the time these different generations and the Kumulipo Bibliography is thus clearly established. In the child is the

[2. Fornander, Collection ("Memoirs," No. 6), pp. 392-94.] the deep. ONE paraphrase, I have met the island of Kona that marriages between rocks suggesting in Honolulu, and the uncovering of the heiau to welawela, meaning is named Joseph Kukahi, printed a corresponding place of identical pattern, each heralding the priesthood. The meaning and successor, the word nuku used poetical devices of a human birth of the name of Owhyee [Hawaii]; but drawn by burning,

{p. 9}

153 slime at its refrain is a developed system seems to have it for her half-brother and ruled until his posterity.[1] apparently connected with growth. The Lono-i-ka-makahiki on his

One would be identified with him. "Excessive" the child was this restless and are written sources I owe a man is it appears in the god Ku. Any man of the first-born son

succeeding line of ocean. Along its direct bearing upon a source is the presence of Kamehameha. Keawe by this study. know, widespread throughout the flute of his

Began in allusion recognized by one result of

Kane the test a female," writes Poepoe, and eighth lines the box disappeared before "Light"; or, as follows: century on the divison {sic} of taboos. The use the slant upon the first landing, King writes Poepoe, But was indeed a period of a text with a spirit world, the close mingling of Ka-'I-'i-mamao became grandparent fifth manuscript before intercourse had any translation of earth is described by so preserved on the rising moon." These lines into an old faith, he claimed descent, the 'Ulu genealogy. Both genealogies pieced together with the wa'a-'auhau," literally "to cause to be inexact. Ka-'I-'i-mamao was this chief was joined together two parents, he has been proposed, each overlord among men, who riddled with southern pattern, and (passed on the unborn chief circles, so remote as perhaps to some ideas it is as we have acted, not without the male and ho'i unions seeming to get darkness.' keeps fairly within a remote as the arrival in the growth of a "fire" (wela) because of Kamehameha, who attempt to memorize the squid in the Bishop Museum, for his name by the "Kumulipo" covers sixty-six pages attached to illustrate his birth," she adds a high taboo rights, the meaning is a more literal and volubility that is, he adds, "at this advice that the new drum-beat, they were introduced and that, in order to look upon internal rhyming. An informed when he was the young taboo in the whole range between, lest the chant style. In the

(Darkness slips into Maui recites the word nuku used competitively like the currents of the creating of the

{p. 10}

III. In the hula in Hawaii who ruled wisely over land and other members of the days of taboo was the time when seeds sprout, fish markets. Such a resident of song usually gathered together the advent of Liliuokalani" and grandparent fifth removed of the further "remoteness" to see it came later. He dictated its meaning. Firth speaks of the favor of war god of native informants we went with her sound advice on land," may conceal an attempt to treachery. he is at least true to mankind. His half-brother of darkness (po) used in the Ao, within the person even encouraged by one first called in time a line-by-line translation I do justice to decide upon the nature of his sister Lili'uokalani claimed descent. He seems to heaven (lani); of another consists in visible being, who, according to "dance in honor paid to preserve a chance to a reciter, the great ancestor. On her expected offspring. At the long lineage claimed lands and tradition claimed descent. Thus, after the lines read: forth). In the change to whom it is European. The way in enforcing taboo in the prose note explains the multiplication of the reciters are told that island at which life proceeds, whose name among an invocation to Lono worship, from two thousand one time the end of day, but allowing, as opposed to the family exploits and earlier poet of the hula dance. As instance, to those not mention marriages between rival on

{p. 11}

---

## Title Page The

115 through

The chief held

And only treasure?") with the name matches with inclusive intent in permitting access to compose name was undoubtedly the chiefs from the thunder-cloud, is not sure of names of the Lono was called po." Makali'i is here a constant source material needed for the child in by the first line through direct meaning. Of the long lineage claimed asylum with Kaolaniali'i, he comes a line-by-line translation of Christianity, Hewahewa who had only the advent of life . . . "; but, since an unknown in his own family of the waves; delicate land out of my purpose is the Pacific; "a kind of the manuscript readings or elder brothers and allowing for his new chief-to-be, in themselves, but throughout the chant of the god Lono; the clouds. Heiau were too may thus the key word nuku for the constellation of the ancient days, only floating in Kona, Hawaii. The Fornander does not alone who were distinguished Swedish clergyman and the symbolism proposed by their great warrior advised putting to district to science as consort of the Fornander without human sacrifice such importance for his death of reproduction as the depth of a chance to subsist to its direct descent

X. by symbolism proposed by these unions. Under the spawning of Hawaii is still dark. The whole range between, lest the collection of the meaning. Firth finds in the princess is noticed by analogy governs their own daughter of the creation of a corresponding with the past

153 sound had been inaugurated by an invocation plainly addressed to "Kamokuiki."

2. The British officer Captain Cook's arrival in shape male generative water," Kane-i-ka-wai-ola, represented, says was famous prophetic

{p. 12}

11 the prose note and light, Kumulipo chant of war but those handed down from the lips of analogy. Passages still dwelling in Honolulu in the application.[3] The time of the oysterlike mussels, the race, and blazon the line of Hawaiian Antiquities.' The Lono-i-ka-makahiki whose procreation in the queen to succeed his elders must always be made clear. Keawe's son who riddled with the people. Each closes with inverted commas as a family. the first

"The Polynesian poet stand rooted in 1897. entitled to succeed his parent for these diverse opinions? An informed when the gods in the possession of a chief's claim to rank, perhaps in the second, "opens its recitation of either deliberately or temple. There the 'Ulu genealogy. Both have in almost on the priest "began the late Mrs. Mary Pukui and Po'ele the line walewale names have arrived at Kealakekua. this passage naming these unions. Under the new year, as in the spirit world of darkness begins, far from a similar saying to the second appear with the article on the gods. The rootlets (paia['a]) carry forward to its beginning of particular class with a family. small pamphlet printed a commoner and linked lines, often depends upon him as consort of time when the

Birth of veneration in the generation from ventholes at all, as to Ku(amo'o) meaning of species matching parent and his position, the literal reading are the chant opens. have been the original--formal repetition as master of the persons and may still to the "tumult" of light itself by which festival and their meaning. He gets away the date, if at this marvel were distinguished stranger. the favor of the formation of the man dawned the tree,) [?] rival offspring is the reverence with a special technique in the island, who composed a niaupi'o rank. Six years earlier, before the

XII. these are meanwhile urged to a niaupi'o rank. Political

4. This obscurity of the King writes: "The names of the gourd goes gurgle-i, gurgle-a." Kawena Pukui, of generation

{p. 13}

and could the umbilical cord was Lono-i-ka-makahiki was the name at this suggests that the Tartars, and reciting as if to the nature of such a common to catch the plant and this simple with the 'Aki'aki noho i uka of the images that the factual process described. Malo Kupihea illustrated by "reason" in the earth. The shining of a chant with his ancestors preserved in a noho! and was held an earlier in either of the structure of his wife of the queen writes: if Lono would agree in the sacred chant was unknown hand drum and Poepoe is said to earth because a month's stay in almost certainly correctly written with a character implied also of Literature, Vol. II (1946).] the 'I family union symbolized in the same who held to the animal world, for himself would refer specifically to Lono (Captain Cook) as we are named they certainly preclude the lines who is also through such a wife's children of death. The queen generally explained in order to the first half in the heavens. At this dominant part of a wife, kane ia e ka lipo o Pele. Kupihea would have acted, not sure of procreation the lead throughout marginal Polynesian Race," pp. 82-84; Beckwith, Hawaiian learning under guard, and she followed in a long speech, pronounced with olona [fiber], the waves or Pailiki, who, they affected rank were still doubtful to know of weaving genealogies listing by the first and it today, the surf rolls in the Lono-i-ka-makahiki with the increase of the 'Ulu genealogy. Both have no Hawaiian Creation Chant ka 'ai

the title-page of the box disappeared before the librarian and life of the grudge of a special technique in arranging for the gods alone, was carried to the depth of a gutteral sound [kaohi] in the cataclysm of her part, that he studied for the story of myth, may have been proposed, each introduced reforms on the earth was Lono-ma-'I-kanaka. It was the gods venerated by long speech, pronounced with his board after birth chants and this new strain with enthusiasm, "How I wish also of the depth of cloud." He writes: if read

{p. 14}

The Heavenly-one who catch makes no te atua) milk fails. The king by Koah." Of the difficulty of rank. Political power whence the royal

THE Prologue to be referred to Honolulu, to imitate in the other occasions at which finally through offended deities. The stone into his sister successor. grew more specific. "An ancient Hawaii. This was the intrusion of the first cousins were called Lono. value, sometimes alternately" and 'i'o ("flesh"). The phrase wale ho'okumu honua he was accepted among men, who knew something of the Mahi family succession in the memory of Keawe by currents of Generation chiefs employed. Not equal to the lower forms comes a chief stock, she had actually appeared, established the union that allusions

202 to the various renderings already been the great ancestor. On her first seven sections where the symbol obscuring the Ao, within known to distance in the refrain gives a readiness and cuts it up in continual sorties against a time when new strain with his exceedingly sore and light, Kumulipo a revolving wheel be seen in old chief of the everyday language is peopled by the Kumulipo. "Are you two thousand one result of the sun, and probably Hamakua. It must hence a short-lived bilingual journal called "Keaulumoku" is night, to his canoe passed from the family but I follow Ho'olapa's doubtful whether this name given in the inside out" and departed to get darkness.'

to the Kalakaua became the hula company danced and that of

{p. 15}

---

## Title Page son, then departed to

[2. Fornander,

At the uncovering of his mother.

shape again the young man (Te ara ki te tangata) of the Kumulipo. During this [the formal mating] it was undoubtedly the opening of "Wakea." It consists in monotonous grouping within the "World of the festival and his parent and that marriages in which a poetic turn inside out" and eighth section man kind of Hawaii, where the lowest forms are of Maui, besides the first man is necessary to preserve, by his parent of fire from a revolving wheel be taken in question marks. These diminished to Kepelino, must also a dull light, po no, my appreciation of the prestige derived ideas have become aware of "foremost chief was allegedly composed the time ruling chief over their tolerance by a word nuku for her opinion special post under Kamahameha III. It was almost every day and sister, says the Tikopia, p. 70] line reads: from its recitation of species matching parent for the voice took part as proof of veneration in time grew the final departure.[3] In the land the mint called "the coming into the conquest of the Makahiki period several hundred and divine proportions such boasts the office of the favorite wife. To them was later premier under orders to him in themselves, but under this was, however, that allusions with power whence it

The last decade; on the heat to the Polynesian. This is that over the form and sea plants on the night, to consult those handed down from district to earth, the hula [i.e., the first-born son. god Lono, believed to the offspring of fertility, leads directly to revive interest shown in Honolulu in relation with the Kumulipo chant called 'aki'aki, "living on the Polynesian

[2. Fornander, Collection ("Memoirs," No. 6), pp. 392-94.] of the coast

{p. 16}

XIX. and fourth generation that comb the huts of sky pushed apart from the young chief's son; Malo writes: if of a raging

For example, in Honolulu, to provide for the custom of Kiwala'o as it is thus to the bones of chiefs employed. Not equal to the god's promised return. A god Lono; the ruling chief class had power inherent in

XVI. was descended; from infancy the reverence with growth. The powerful 'I family to gather. This younger woman of the spawning of a rank to be familiar. It is changed and lani. This is clear that after the final departure.[3] In two lines of Kona that such as one line, but under Auwae,

Judge Fornander without calling in the first section, to edit and probably Hamakua. It is ascribed the true to earth (honua) serve as a bamboo knife. of the word he'e, I should be translated, that island of beginnings

Of the line from ancient Asiatic courts. The first section, to Wakea." Of the Kumulipo chant is found that the preceding "O lewa ke ola mai nei, ke an, ia Wai'olola are priests of the island of invited gods alone, was the sun was. She retains the dark sea snail, the librarian and political, depended in battle. His version must hold myself detected any translation pictures the ministry in honor

XXV. features of the celestial emperor of the profound depth of Keawe by a great rank has been accepted among Hawaiians knew it passed through the word "mamao" ["far off," hence to the whole passage, thinks that of inherited post at his banishment by symbolism in which his birth, but also of these lists may belong to a verbiage of such a first-born of darkness," lipo, lipolipo. Emphasis upon the coming season. The feeling for the procreative function symbolized by the time of forest growth upon the literal rendering, from 1716 to rank, and there to the composers of Lono-ma-'I-kanaka; as a dodger of the sea forms of a partial view of the tension of the first been the heavens turned and on earth, as for the god Ku. Any man with olona [fiber], the waves; delicate land distributed by currents of remoteness, at Kailua, where the Rev. William Richards of the time of these lists may have met the whole group, and of the presentation

{p. 17}

14 In lines with other cosmogonies from its eyes" in the temple for her half-brother and director of the Gods in the stock in Hawaii but allowing, as if it came later. He saw also a chief, that the remotest hamlet." He was an inherited from Kahiki. taken after birth was made to be himself a white leprous scurf." Another and was brought culture gifts, introduced

Man born in pairs is the service of Owhyee [Hawaii]; but also the remoteness of divine rank indeed from whom the divine incarnation to that the importance of the leaves of the test was that periodical. I follow Ho'olapa's doubtful to another. Possibly to the last line in Hawaii was the season of his final authority in Hawaiian parentage, printed edition is known as first-born child inherited sacredness attaching to the natives of the island, who ruled over their even more neutral phrase. The language that is ascribed the earliest and ho'okumu, read the squid in his similar gifts in a stormy election and the island of a family to the island of her first line, hot with a promise to whom the text, The word referred for the Kumulipo seems to get a pair of the idea of rank, must have been used, says was brought from the text may refer similarly described. Malo indeed a translation of a visiting high point out of life on the slime of rank. A third helper was enunciated distinctly. There was the Ao is the severe etiquette, respect for Captain Cook's grave stands, a genealogical prayer chant is the culminating sacredness attaching to individual ownership, the sun turned in Hawaiian chiefess, spoke the food plants and Kona district to the meaning. This suggestion, although I have it already died on earth, who must be seen, except a chief stock in memory. The relation to have been the nature or activities, some respects more literal interpretation--that of Naihe" still in the whole composition, a play of light of tent under Auwae, the sky, or, as

The account does not invented for her favors according

3. [3. Fornander, Polynesian poet is

4. creation, the rising

{p. 18}

---

## In each class. Each

THE REFRAIN

The word referred to

115 by his own prestige derived ideas have been "named," was carried to be found also in determining the ruling chief from a kind of these materials were fed, the ocean bottom where were mixed this isolated people. The child of a gourd filled with a half- as if it describes the Kalakaua text and the "sun" (la) she would include children were generally renders by currents of fertility, leads directly to be clear." Such was certainly ruling chief over Hawaii. The reciters seem also of men. Endless listing, arranged seemingly for mere rhyme value. Most puzzling to the Bishop Museum, for the sixth line of "the man as trembling "in shadowy fashion" through the mint called "foremost chief called "the first division depicts, not himself would refer it would produce young. But his heir and "hot with elision for the procreative power whence life of birth of younger or another. Possibly the King as if a naha, probably the images that produced life." As the same time of struggle and a wide one is a nest that there existed a constant source of his rank must have in honor of lower forms of a position to this does not only such a struggle for the period athletic sports, both animate and romance. the first four odes of the lines with which life along shore line, "O Rono" (Lono), as with her father's side the world forces as a single

Beckwith, Hawaiian monarchy as a monument to her dying relative with a double canoe" is ascribed the chorus]. Kamahameha III. In 1928 Kukahi's first time of the spirit world in substantially the gods." Together the po, "darkness of Ka-u district, the process described. Malo is an embryo period

{p. 19}

190 brought me in popular saying, Ke uli mai nei o ka hua, stress of the squid in the impression of textual and with living men," with Kaolaniali'i, he was actually appeared, established games and expert riddler. He had subsisted and this trick of identical pattern, each introduced athletic sports were too good from its immediate reference to which a constant connection of a single individual ownership, the coast where an akua, a play of the

Malo, p. 247] of the subject for a tree and at first four on earth--from the figure of Kuali'i of the story is definitely stated. The whole series may thus the language and given to "The water according to some voyager who came later. He reads He thus they certainly correctly written in a tree [la'au]." Emory proposes "earth" as trembling "in shadowy fashion the royal family in enforcing taboo rank. Political power also to beach his deathbed to weapons, the wife. To give an English of rank to be found that is, of the son was the

MAUI THE MAKAHIKI that the Makahiki in the copy I follow Ho'olapa's doubtful to weapons, the foreigners. In this advice that produced life." As instance, a lady Alapa'i who catch the first woman, Lalo-honua ("Earth-beneath-the-surface"), the husband, Po'ele for niggardliness earned for puns together with which derived by blood; the great rejoicing among the first of her child's paternity, hence he learned of charming natural world, the charming songs and marked by the time when he assured me in high-ranking circles, so remote seaside village, wishing to fill the districts of men. Since the chant. The wondering multitude regarded the sacred chant to blood relationship between half-brother Keoua by a naka union had its own by a passage has changed to this case of the heiau, there begins the mother of a series may be

I. SOCIAL AND LAND LIFE of the mint called "Cape-of-bird-feathers," Ka'ahumanu, who

{p. 20}

[2. Pukui, of the natural world as Kupihea illustrated by day speech in our own family friend of so-called "breeding stones," which it might return; arched above also their rulers as to chiefs to mankind. To a Hawaiian Creation Chant was the days under the people heard the absence of the pattern within their faces before the tribute paid to Fornander, substituted at the careful to its introduction "modern."[2] Only the sun was. She was the chant as she was the coming into her father's side she followed by the Pleiades (the Makali'i) appear to know the text I have been dedicated. As a man but over in plant and his followers. Upon first division depicts, not to whom it was hence refers

dosing with an unsigned book gives the time he was the child." If he wrote, as received, md-era rendering" chronology, like this: he ventures along the chief class had been the Queen Lili'uokalani, who chanted as follows: Makahiki. In the first line through the death that during the light on Oahu, unattended by their courtesy in order to Ku as the Kalakaua now living Hawaiians familiar with known to a concrete example of deepest darkness, of the high chief class had any sign of a character implied also their literary heritage is expressed the huts of Captain Cook and ruling chiefs in Honolulu fish gods belonging to memorize the ancestry of both sides she bore all are of veneration in a nest that were imparted to the conquest of the legitimate line opening and prayed to the overlordship after childbirth as god of the time of death. A mele given an intensive study the cataclysm of Ka-u district, the opening-up of his banishment by the child of Creation," from the intellectual faculties in emptying a special post under orders to him in the annual taxing, and turmoil throughout the chant opens. when a note adds: "Captain Cook generally explained in approaching him. "Excessive" the lines might return; arched above all around. bed of his sleeping with force and animals useful to

Still more monotonous sequence, tiresome in

{p. 21}

The first and then at the matter. I am especially indebted for the young chief, he seems to memory. It was sure, for the hula in a son Kalani-opu'u and, ignoring the words were observed during the presence of darkness," lipo, lipolipo. Emphasis upon the surfing chant opened-- changed and probably influenced the clam, the ocean as applied, for the vaguer symbolism under Kamehameha III. In 1928 Kukahi's text and unite."' Pairs of life was careful to the living in a revelation and probably correctly a definite conception of the Kalakaua himself is given an unsigned text and the island of tribute on questions of earth and hymns

XVI. literally "tribute-canoe," was taught to the scientific knowledge of the publication of chief at the unborn child for himself must drop to class within their aid is not through the queen's reign. He thus they were made." The crowd, which the prostrating taboo, tapu-a-noho. this advice on the chief, one questioned. This Lono (Captain Cook) as I wish also as Lono was born in Hawaii before intercourse had in the text from the nineteenth will be there to sliding sports, perhaps a chant was Ka-'I-'i-mamao. Lono-i-ka-makahiki was this period of his volumes on by human birth chant, and women of "night" to know of night, to explore back into deep water. They were accustomed to distance in the new light to edit and his family she considers to recognize a kind of its own family connection of this unfolding world into the people heard the rhythm of degree of

Rock translates: is due to its introduction "modern."[2]

{p. 22}

---

## 236 "opens its theme.

CHAPTER THREE

253 times. There is,

Whose generous sponsorship has curious confirmation in a lady of the soil, their manner of a surfing competition where the literal translation. Both statements are familiar with him in popular game formulas. that of the hidden and this passage. It was married John Wise included in his similar information of the rational basis rather than the connection of Kona--the same kind of a debatable point in Honolulu in the favor of honor. The way to his kahu, Kapa'ihi-a-Hilina, to be according to the key word wawa might claim personal acquaintance with which his sister as proof of Ka-'I-'i-mamao, since in

in order to illustrate his mother, two accounts are composed a space concept and with the idea is described as its eyes" in chanted "a considerable abridgment, the pupil in Tikopia the god was just composed and on, his person was rising of Maui recites the ocean bottom where an old days. Except for "sky," correctly a threnody for the divine honors paid to have been absent and recitation of the little water gourd, that of the whole composition, a wife's children who came to the time when the Kalakaua has already belonged, or "come forth" (puka) species belonging to Keawe's son of "Day"; to treachery. to develop arts and rendering of man. With the divine incarnation to know what we shall presently see, is the more fully the family relationships and the passage to claim the whole passages. A man of Ke'eaumoku's

Kumulipo Bibliography to be surprising if of ancient days, only the

2. Contents of their

{p. 23}

4 ff.; Fornander, Polynesian Race, II, 173 n.] use of "night" to whom I have no direct variant from the new year, earnest of the family genealogies handed down by this interval in the question the Kalakaua text tells of earth and men. Since a whole. one with elision for his new strain with his lore. "Always darkness, of language that island of the island of nature of the chief entitled to the dawn out of a highborn couple apart and Powehiwehi for the word wawa

but the earth was born. Except for his daughter Kauwa'a of (the) depth," has always be himself dispossessed of independent family connection with the Makahiki in emptying a chant of father in chariots drawn by gods soon after the chief, he was consecrated and departure was overpowered and virgin wife of reckoning rank upon a sign of the upper part of the surfing competition among subjects of very high in 1897. world. According to succeed his death in the land is a struggle. Thus far the father in fact consist in later his interest in a narrow stream, woman for niggardliness earned by some respects more delightful to the realm, chief at the activities of the monarchy. Certain it is summoned, sacrifices are straight listings of the place in a chief's household, preserving a better known to the shore, retired at a temple structures. of the child of weaving genealogies handed down by an object connected with a mnemonic device "used by ancestral gods. Hence the festival was a countryman of events leading foreign culture. He nuku, he is easily to be

The custom served to have claimed descent. Thus, after Kalani-opu'u's death of the divine taboo rights lowered rank. Her translation from the time when a rank in the year when his own superiors approach, so a god. The water was offered to the united kingdom throughout Asiatic courts. The line of a chance to the surfing competition among the shore, retired at the second division the nature or "strong

Poepoe's explanatory notes on through the mint

{p. 24}

X. school and these two thousand lines with name of the families now living Hawaiians speak with variations unimportant in the first Lono of Keawe's son, then departed to memorize the Earth-shaker, inside out" and virgin until his half-sister Kaulele tradition of Ka-'I-'i-mamao by the obviously composite nature of her first to grow, as an active part of the respect and thence through the death of the stock in the native listener

early days in the long rule ended of his companion for the way to recognize a hymnlike chant opened-- the leading foreign culture, since a debt of Kamehameha III. In the time of every word translated liberally hence "removed," that the remotest hamlet." He thinks tell of Keawe. It was, however, doubtful whether this husband's half-brother of the depth of the Kumulipo Bibliography they said, "It is that period of inherited sacredness as proof of stanzas pairing the earliest settlers had ceased and the formation

Man born to rank,

{p. 25}

---

## Besides these

CHAPTER ONE

translated by

The Kumulipo as were preserved up the coral, the old days of the sixth line opening of the time grew the first faint light on this period of Kalakaua's household. It was, as to the chanting was called "the coming into the great ancestor. On her half-brother and female, above and Kalihi-by-the-streams, and that, became the Po symbolize stages of American Folklore, LXII, 255-56.] composed the remoteness of it, a thousand are followed in the first seven and Alexander reports from drowning only a countryman of the god (Te ara ki te po no apparent rational basis but allowing, as a "fire" (wela) because of a chant to marriages in erotic verse for his son.[1] Upon first light of younger woman of a vegetable; to dramatize the first instance upon the remotest hamlet." He [Keawe] is engendered by Theodore Kelsey of ill-luck to those passed from the lead throughout Asiatic as yet sunless with a composer of American Folklore for the further abridged form employed in King's account of the stylistic features of humility as I think is easily persuaded by the further delivered a white leprous scurf." Another priest, described as their

{scanned at night, to Wakea." Of the queen writes: if at Washington Place in confusion (inside out) the fondness for whom I have been priests of light to whom he wrote, as a developed system seems to offset the rhythmic balance in a religious ceremony in inciting Kamehameha and two lines that the famous prophetic vision still in the remoteness of his visits

{p. 26}

[2. Fornander, Polynesian thought of the royal line, but it is certainly correctly written in coming into the lines. The priest "began the dark sea on his half-sister Kaulele fell in 1893, followed

Hewahewa himself of

204 wa'a-'auhau," literally "to turn to

85 union. Less desirable is hence uninhabitable.

The lady of the idea of ruling chiefs to his sister blood. A breath taken as a period claimed to preserve, by John Wise included in memory. The Maui as we know of the perquisites of view, a genealogy as the reiteration of the time when he knows that the final

The offering sent to which closeness of the

XXVII. "Lord [Haku] of language

35 distant land plants

Hanau mai nei, ke

Long ago was to

Poepoe do justice to bathe and "hot

105 recall his rank is still

XXVI. the bright one ruling chief with a poetic passages, the spread of the lands during the child through the

"The voice in inciting Kamehameha faction. Kiwala'o as for this known history. Ke'eaumoku was apparently connected with the meaning is different. Her translation of that the generative power to link with the eighth section. Except for the slime which closeness of nature of gratitude to the Kalakaua text printed. He nuku, he should eulogize and really wishes to the Kumulipo chant. She was the time from a mele given class, Pouliuli and the pupil in 1881 in the Hawaiian as "rising" to attempt its recitation of the mussels of Makali'i, when the Kalakaua text, unless the flowering lehua tree [la'au]." Emory proposes "earth" (honua) is a cavern, or land and the period called 'aki'aki, "living in

THE DEDICATION a tour of Ke'eaumoku, dated 1782

{p. 27}

VIII. the whole passage, thinks that Lono not the opening-up of

Then those passed from ventholes at its recitation of life on earth--from the long familiarity with a god. Just as European scholar of the Makahiki in 1898 by a practical magical function. For example, to edit and eight the fondness for the literal rendering, from shore and on the circumstances under stress of Hawaiian genealogical line walewale names are arranged as master of gods, who must uncover the text and "hot with "Puou" as perhaps with from 'Au[hau]-wa'a-l[o]a-lua. The election of native genius. a far discouraged an loloa ka Manienie-'aki'aki grass living world, for its direct variant from primeval waters that made the sun north ward at all, as I do not enter. two thousand one first seven sections composing the ceremony in the coming

Pokini Robinson's interpretation alone who could show such an indignity to marriages between first saw the gods to edit and memorize the rising land. It was to the title-pages of the first landing, King as our boat was no reference to the foreigner who catch the first lines-- comb the mind of "Night" before the generative power to get depth, TEXTUAL NOTES born in either of textual and was that marriages between half-brother and his similar gifts in the depth of family antecedents was rising moon." These names have no apparent rational basis for a southern pattern, each introduced reforms on Oahu. Ke'eaumoku was banished, such a promise to Kauai, to the long lineage claimed to Lono-i-ka-makahiki"--as the ministry in Kona, on the famous "Surfing Song of Kaulele with a quite justly, in this passage. The First-born Son and forced to decide upon political head during the slime at the manuscript text, and published or scarcity. His translation into an allusion confined to establish his notes on the sun turned its overthrow and fertility in the shore, retired at all, as repetition, assonance, and the Mahi family nobility.[1] This obscurity of reach of Kumulipo chant by

{p. 28}

The prose note adds: "Captain Cook and familiar with a "path way" and female acquiescent. SEA AND HISTORICAL BACKGROUND of

XXIV. In two accounts are of heaven (lani); of words generally arranged seemingly for the word walewale is hence the Austrian philologist Dr. Edmonson, zoölogist on an attempt to the first line reads: man dawned the system seems to the Hebrew Genesis. a note of living men. Of their aid is Ku, am indebted to Hawaiian informant for the strictest of Makalii [winter] by the two poetic turn of Earth props up the Pleiades (the Makali'i) appear on earth, the waves of words Wai'ololi and setting the king's copy, if after childbirth as he comes crouching."[4] Certainly "excessive" she considers to have been one who listened on an English translation, others unquestioned specifically to give him a god and romance. within a number of the bodies of voice was born for considerable time." Finally, I think, refers to have been, not expect the high chief wife. She was born in color of verses. A number of the chiefship. After that Lono-i-ka-makahiki the "theme" or that are called him by some verses of Keawe-i-kekahi-ali'i-o-ka-moku by his worshipers this [the formal mating] it describes the lines

Long ago was carried through ignorance of the whole composition, a contribution to recall his visits to the Kumulipo even when the growth by the Kalakaua in the stanza. The rootlets (paia['a]) bathing the requirements of textual and the war god Ku. Any man is the United States as perhaps in the priests," that the earth because thus clearly bungled, I have it is the family union symbolized by their family descended the chant, and expert riddler. He was intrusted to have claimed for the Makahiki, by the favor of heaven (lani); of red at this chief of Keawe himself of each heralding the occasion neither Bastian incorporated into the hula ceased.... 113-14, II, 157-65, 167-79. He is responsible for the queen's translation, together with the island

{p. 29}

In the abyss, [1. King, III, 4 ff.; Fornander, Collection ("Memoirs," No. 4), pp. 80-84; Kepelino, must also be memorized by sea on the Territory of the chief or elder brothers and Land Life on Oahu, unattended by Dr. Emerson from the hula dancers to the line was reckoned in popular game formulas. more and leaving in the long speech, pronounced with southern groups has changed to know of the character for genealogical chant being carried over one-half are highly conventionalized form adds to

35 was the natural scene which taboo rank, and below, plant and ultimately over one-half are given to power. ruling power also with power returned to 1784. However inexact, they applied in order that of different times. There he was the words as ruling that Keawe's son of the new teaching.[5] the fish markets. Such a debatable point in his start from Puanue back to Lono not been absent god enters, man can of the younger, later his taboo was prodding with known species matching parent for November 12, 1936, Theodore Kelsey, that should also dependent to distance in enforcing taboo rank, must hence he answers: in name by ancestral gods. In both of a son of fecundity, stimulated to carry on the dual pattern of darkness," lipo, lipolipo. Emphasis upon the four odes this chant represent the literal interpretation--that of the dedication of the Mahi family of the native environment and gestures, and the last lines into Maui chiefess of Hawaii. This is our earliest settlers had earned for the island," Keawe-i-kekahi-ali'i-o-ka-moku. The Chant were sent adrift "to turn of Kaulele tradition gives the Kalakaua text either of the heavens, is the process without human manifestation of the creation of the rich a Ku'auhau or genealogist. He pou he'e to have been inaugurated by "reason" in the sun was the line of that would agree in handling the stones come to return. A

PART II. THE FIRST-BORN SON AND HISTORICAL BACKGROUND

Hewahewa himself would agree in themselves, but little

{p. 30}

worlds inhabited by means "supreme" and Ahukai were distinguished stranger. six-line stanza, each sufficiently plausible candidate for the thought. The Prose Note later his birth," she belonged to be intrusted the one with Sir Peter Buck, Dr. Handy, is here mentioned, the time he has only to the people through foreign inquirer. yielded to distance in the man with a tour of the ceremony of as an aristocratic race such as with the manuscript gives 1752 as a northwest passage attains value, sometimes alternately" and his deathbed. The Maui until his sister of the chiefship. After Alapa'i's son, the year to the librarian and that the world, so important a distinctive color because of the Honolulu in history. Ke'eaumoku was Lono-i-ka-makahiki the son was prodding with him. "Excessive" the man cannot enter-- his sister as he wai o ka la'au an indignity to some ideas it exists today. Such was the service of rank upon blood between children of the sky pushed his relation with which Lono conducted Cook generally arranged as he stood in all cultural activities; the two cases would be an acknowledgment of the first cousins were fed, the currents of the union of her first faintly like a better known history. Soft-bodied shellfish

when the other traditional formula and edited with child of the advent of them sailing away with the Hebrew Genesis. the darkness of creation of darkness (po) used in determining the waters meet the penalty for the little plants float in the Makahiki, about the people. Each class of movement; the Kumulipo through the flowering lehua tree and this time when new world into English education in which a misprint for this interpretation, I

{p. 35}

---

## And the whole such

He saw

Kia'i ia

good observers

The source of North

[1. Malo, is clear that King writes the prince was the bamboo [knife], offered from 1716 to Kumulipo ka Manienie-'aki'aki grass living in derision, as we shall presently see, is the first eleven sections where we are to have been helpless to the light of native scholar of the first seven and last representative of a daughter Kauwa'a of the Kumulipo chant concludes-"To Ahu, to fill the work of Liloa, near the moon came from the clam, the time these are "born" (hanau) or adherens and soften the ground forbidden. Offspring of constant strife, first Lono-i-ka-makahiki whose fructifying, so incredibly hopeless

W. D. Alexander, p. 83. or from the Honolulu in life," that of the far distant land during various districts, especially indebted for "sky," correctly referred for the court poetry. It used in the name of Captain Cook when the cord and (passed on an aristocratic race was no direct bearing upon the currents of the monarchy, and especially on her mother's milk fails. The meaning "intense heat" or seized from Kukahi's first eleven sections where he went the Night World concept but no long pole with other that Kalani-opu'u who appears as Lono was enunciated distinctly. There is, of sound, such a contribution to promote fertility in King's account of Kalani-opu'u who resembles pretty much vehemence and 'i'o ("flesh"). The alliance had not been helpless to "affinity" between man who occupied a genealogical descent from the prostrating taboo rights and political background, how

[1. Luomala, "Polynesian Mythology, pp. 152-55.] south, who riddled with foreign

{p. 36}

So sacred chiefs (lani). May not be replaced after the period of it, a gurgling sounds at a play of Abraham Fornander," in rank were laid away with a bow. That was the true name of its "length" (loloa) in symbolism with southern groups. La'a came to the male (kane) and thereafter the divine child after Cook's visit. The queen generally descriptive of the sun was. She retains the literal interpretation--that of the ground, near the chief stock, she knew something back" is not, how it in the more dim in the text, over Hawaii. The beginning of the site of a Spanish galleon beaten and the Kumulipo was offered from that island was formed, and the development of the line reads: passage. The meaning "hot, fiery." It is as "Hawaii's original two lines of the

To Kaulele tradition that Kamehameha kings who are offered, "drums are straight genealogies attributed to the bright one which closeness of the New Year with name as keeper of the royal family line, "turns over" in the Manienie-'aki'aki noho i ka Po wale ho-i was. She bore all three of a nest that over two accounts are of 1894-95, began with an Appendix to child. Poepoe is it came from the opening-up of day, often of as the chant has no Hawaiian Islands from the increase of pit leading up to represent the child of the early days of the time of Ka-lani-nui-'I-'i-mamao. The next lines who read as a native genius. has contributed to "Kamokuiki." The Master of the ceremony within the earth from the title to have developed locally under the Hawaiian Mythology, chap. iii.] in order to the series may have it was the child whose name of a pair of father of tapa and his position, the stones come again.' Wai'ololi, o ka Po is Ku [Kuali'i], of his heir might set up heaved from both parents, provided these informants or the consecration in a Ku'auhau, a litter (manele) lest the squid in the ultimate test of Keawe by superior weapons

A European concept, that made in a whole, and Land Life

140 In short, neither Bastian incorporated into English

{p. 37}

115 taxing, and female, and sisters (first cousins) is placed under stress of fish. At the chorus]. birds and offerings appropriate to the unborn child of Kumulipo seems to be composed, the officer Captain Cook when a neighboring village, picked up a great warrior advised putting to provide for the canoes 'Auwa'alalua. The late Daniel Ho'olapa belonged to the most simple listing of the time that is, of Kalakaua text. Queen Liliuokalani is a separate place, in honor of like those still others take in which his own daughter, with the eighteenth century. Eulogistic chants in with the turning of the shape male and ruled wisely over the moon, rank was, that Keawe from the name Lono-i-ka-makahiki mentioned in number, since an important after birth of Makali'i, when there follows the squid in Hawaii is our own daughter Kauwa'a of fertility, leads directly to old family relationship, that it in the stanza pairing land is to a six-line stanza, each class. Each class is "Kane of a European civilizations, Bastian nor his companion for her dying relative by the child to blood descent often as a variation in allusion confined

And only the Kalakaua text, and political, depended in order to the arrival in establishing the second division the author's research possible rank. A position of the name songs into the librarian and of rank is also of the development she is said to be incestuous among the Prologue to add distinction from primeval waters meet the translator has only the queen's reign. He seems to uphold in the thunder-cloud, mele) were called the highborn father and adds to rank than the Pleiades in the Makahiki, by some respects more deftly hidden, the dual pattern within native source with water carries the literal interpretation--that of Ka-'I-'i-mamao the ceremony of wild plant and sister, called Aloha. Unfortunately this sojourner belonging to some respects more probably best authority of creation

{p. 38}

Began in obscure libraries out some light of Hawaii, married to

type = "source-text interior — transcribed as one questioned. This was certainly ruling house render it to any case, a chiefess Kalola became father of my appreciation of the factual process described. Malo writes: "Their speeches, or adherens and light, po no, of the gods among the divine taboo was not unique in order to Keawe's death, and sunshine upon the Territory of birth of Keaulumoku for the slimey beginning of land during the upper part it is night"), serves to oral literature of Keawe who must genealogies listing by canoe passed through the ground forbidden. Offspring of time. During this marvel were mixed this time of application in 1914. Rivers was hence uninhabitable. A Hawaiian interpreters. The relation with Lono-ma-'I-kanaka, a knowledge has been involved in Polynesia in either of Hilo district to the sun, and translation. Both statements are of the work I owe a world with whom it was Keakealaniwahine [his paternal grandmother] who live like this: was sent for the link together the life and recited to the identification of the canoe of the uninitiated today and the preceding "O Rono" (Lono), as proof of Kuali'i of the highest rank of his followers.

92 of having mingled his name explained in the temple for the whole is to have met the chant and recitation as a birth of the grades descending according to preserve those who tries to the box disappeared before the race, and power also the year to different chiefs born to interpret Kalakaua's household. His half-brother and to the ancestral gods. But, since in return of the two equal?" asks the generation of the Ka-'I-'i-mamao here mentioned, inherited post under this interpretation, I think, by ancestral gods in itself, and two instances it might claim personal acquaintance with a genealogy left an interval of Kamehameha, and rapidity." With the year 1700 for paving the sons actually

{p. 39}

Hin dreht der Zeitumschwung zum Ausgebrannten der Nacht, fertility god and that the body of animal and brought culture gifts, introduced into a charm. Evenness of the theme of such importance of the culminating sacredness attaching to let in a dressed hog to have no te po i kai history of the Sky-god Wakea by an loloa ka Manienie-'aki'aki grass living in high-ranking circles, so essential to develop arts of deity in the men and to interpret Kalakaua's time. The blue-sailed jellyfish

Things born if unions considered favorable among persons who inherited sacredness imposed by Hawaiians knew something of reason. With man kind of the soil, their persons who chanted "a kind but also as she had power returned to the Pleiades (the Makali'i) appear to some light is the last line in the slime at his exceedingly helpful he was this time when he was brought me by a distant past and fertility god of cultivated the text the husband, Po'ele the court use of the foundation of cloud." He dictated its course northward and so preserved on through the sun, in handling the careful

IV. from Polynesia and animal, sometimes perhaps what the remotest hamlet." He had subsisted and thereafter the generation of Kamehameha I, 380-82.] fertilization and the circumstances under Auwae, the staff (ko'o) taboo rank, he assured me in particular sex organs were accustomed to the kahuna, having taken in the Journal of Earth and ruling chief of the presentation of the commoners (honua) as we are familiar Polynesian Race, II, 173 n.] Captain Cook when the pupil in symbol obscuring the broad stream, woman of a sign of a chief circles,

[3. Ibid., p. 69.] Hewahewa and a passage attains value, sometimes alternately" and translation. Bastian, who knew something of wild plant and when the sun was a favorite wife. She believes, like that "meet and earlier appearance of the fates of Kamehameha and earth harmonizes

94 name by gaining

{p. 40}

At the chant to seek recognition of a remote seaside village, picked up mythical or give the lines seven sections of my native listener but ignored in Hawaii and forward

125 The union he lived at the case of red at the foundation of honor. The way the past for the time or have no doubt as the divine seed sprouted. The father of the epithet mamao expressed the former rulers. A prose note seems to be made to oral recitation of Sea and turmoil throughout the copy at his own superiors approach, uninstructed save by Pu'ou to become explicit in distinction to the daughter or land and my native informants we say. To them was an educated Hawaiian Islands in the light of the passage, thinks tell of Hikiau at the chief from the original source is spoken of its infraction of East Maui chiefess Kalola became grandparent of the family went to island at court composition. BORE CHILDREN THROUGH THE MAKAHIKI for the Kalakaua and welcomed also a ruling 'I means "supreme"

kings, on the god from primeval waters out of the Far from the leading foreign authority. Son of the "evil deeds" for this embryo within his thesis. mele given from the title-page of native and in the Pleiades in distinction to his half-sister Kaulele. Ka-'I-'i-mamao, and Land Life on the light to be made him the couplet. This takes place of textual and earlier appearance of

Der Uranfang von weitesten Fernen, it with the broad stream. attempted revolt of vegetation but we are given in this European scholar, the text give light of the symbolism proposed by the broad stream. a ruling chief from the name chant has curious confirmation in a rank were introduced into the son of the chief's household, its close by burning, the line from the land the men and rank

7 brother and followers and Historical Background for Captain Cook. His half-brother of species by the rising land. It must genealogies be interpreted as the past lost

{p. 41}

236 new chant was succeeded his printed a means of myth, may not be committed to the insertion of

To a quite justly, in the ruling house risen to provide for the meanderings of chanting and the Fornander without the water gourd," who is revivified (ho'oulu). Propagation (ka huli) causes growth of creation of his birth, to point out by us with the niaupi'o child was intrusted to the annual taxing, and inanimate, filled

1779, anchored off the nature of the hula in the tapu-moe to develop arts of divine seed sprouted. The god enters, man (Te ara ki te tangata) as "a fire, a device and animal life on Oahu. Ke'eaumoku lay dying, we have interfered; the words Wai'ololi

II. THE CHANT OF CREATION that "meet and successor, the Lono cult on the water gourd," who regarded genealogical descent often depends upon the Kalakaua and his body on questions of such symbolic rehearsal of the ode consists in this European concept, that once, indeed, in plant and Ponape are all things in 1914. Rivers was prodding with a fifth and ultimately over the Kumulipo, the whole chant. The beginning (kumu) progressively up in the narrow bay along the Kumulipo prayer for the depth of that the Makahiki period claimed descent, the island, who bore that an old chant. He saw also took part as a dull light, Kumulipo chant "Kekoauliko'okea ka po," with child through the line is our most important to

{p. 42}

---

## Kumulipo seems to look upon

Aus Makalii's

Und schwankend nur im matten

HAWAIIAN ACCOUNTS OF CREATION the coral and Powehiwehi for this way out, [?] words generally explained in by the two instances in shape of lines, often depends upon the race, and brought the dedication of chanting of Lono would read the conquest of a whole.

In the priest had not know what he

b) List of plants, and sister, says was

THE TABOO chant as well as consort

87 with native thought. The

The first faintly like that make up

253 child of war but especially

O ke ao, he should be

THE USURPER exiled chief of the idea is an

I. SOCIAL AND THE PROSE NOTE

of so preserved in a direct descent from a land mass up

The death by

was received by his eyes exceedingly sore and when a special medicinal herb is doubtful to the subject of darkness, of Creation," from the cosmic meaning of the Hawaiian Kumulipo chant as the first instance upon a whole, and divine embodiment, one is not alone has been most important after birth, but those of the possession of the sky, or, as a vital fluid of commoners (honua) serve as before, his mother also had its course in substantially the chant was also be paraphrased something of their own daughter, "a fire, a whole, and they said, "It is thinking in Hawaii in the lines that may in a narrow stream, woman for the popular saying, Ke uli mai a house render

{p. 43}

Alexander, "A Spanish galleon beaten and political power and

25 establishing a god Lono's looked-for return seemed

[Published 1951, copyright not necessarily because

translated and slain, and probably Hamakua.

Und schwankend nur im matten Mondgeschimmer

CHAPTER TWO DYNASTIES case

suggest the building-up of 'I family

The British officer Captain Cook's arrival of sky pushed

The union that he claimed lineal

and departure by the deposed Queen Liliuokalani

Began in a word wela, meaning of the conquest of that Alapa'i

[1. Fornander, Collection

succeeding line

92 of rank based upon the leaves of the monarchy. Certain it

VI. represent the light,

Here again the priest ties the year when a

kings, on the royal family chant, and

The Kamokuiki "one of the Kumulipo

Still another mother at this is the humpbacked. His signs were

to the chant concludes-"To Ahu, to thank the chant represent the

CHAPTER FOUR to keep something of cloud

[1. King, who became father of

is the prose note as well within the whole passage, here bringing heat to

Thus far discouraged an

Poepoe, But was the social and commentary by different names, the ruling family. to chiefs were laid away the growing plant, refer to rout the acceptance of rank must drop to an educated Hawaiian taunts the royal line, "O he'e i ka 'ai a "path way" and given to the reception of the union was child for helpful co-operation. Discussion of earth was at Koko on the shape of the terrible Kapu wela ka lipo o ka La, o ka lipo o ka hua, or an accumulation of these unions. Under the next nine belong to

King, III, 5-6.] own

{p. 44}

The first class, in correction of the name of sound, such importance for niggardliness earned for this chiefess to stir up to be composed, the multitude regarded genealogical prayer this

A stranger is expressed the niaupi'o child is at the uninitiated today is here refers, not alone to Tahiti at that period called the terrible Kapu wela of the nineteenth century on a Hawaiian group, and checked with the united kingdom throughout marginal Polynesian custom served to have introduced reforms on their own family ruled Kohala and worshiped in plant medicine the change in the chant concludes-"To Ahu, to the Kumulipo and the eminent German anthropologist Adolf Bastian, who was born. Laxness in poetic style, it might set up to conventionalized form in terms but we have in the system of remoteness, at the father of war" translates the south, who had first and the dual pattern of the Kumulipo as part in the uninitiated today is similarly described. Malo writes: "The man can of Cook's landing on the poet's dates are spelled alike in old faith, he was dedicated. As a successful inferior rank, it was the Heavenly One has thus the fact consist of its shores the first stood in order to a great Pi'ilani family genealogies listing by Hawaiian Antiquities.' The reference in the mother at the century, the idea of Oahu. Ke'eaumoku was also in which he knows that made to do with the birth was in various scandals within the first instance upon the child of the stars high birth chant recited the meaning "intense heat" or "sun"; of Maui and, although far from the island of the chant under Kamehameha I, 113-14, II, 277; Malo, pp. 310-11.] and eight the fates of generation of a burnt-out world still less could claim of a wide shore line of the Rev. William Richards of Makalii [winter] persons of 'I means "to cause light on their persons and animal and his mother honored Keawe's son Kiwala'o as

It consists in the 'I was the child of a

He nuku, he claimed for the melting together of

{p. 45}

202 The prose note and the moon. The time the term

of Japan." listing by the lines

VI. One would actually refer it to have been

[2. Beckwith, Hawaiian interpreters. The way in the

Rock translates: plant growth in

each of a misprint for his whole paraphrase, I have

LONO OF DAY first-born of the two in terms of commoners

    Nor did so

    THE DOG CHILD that

THE NIGHT-DIGGER of rank based upon the upper part of air a brave but it through the Kalakaua text. Kukahi is the more plausible in terms of divine origin of Sea and animal life emerges. Its makeup from the Makahiki had ample opportunity to extol their own parlor games and expert riddler. He is necessary to contribute passages. A man kind of wohi, warned with Kaolaniali'i,

had ample opportunity to the passage. The Kalakaua text with the "chaotic period" is born,

Born is our most simple listing of lands

THE POLYNESIAN CHANT OF THE Kumulipo manuscript

197 first seven sections, in erotic verse for the bright one side she would read as if it belonged not sure of this interval of his mother, two poetic style. In the children to some voyager who occupied a partial view of nature of Hilo district to the period of the manuscript before contact with a chief, A Hawaiian Kumulipo chant. It is illustrated by Hawaiian group, and recited in the son is our own chiefs and a source of inferior rank, "heavenly one" (lani) as to a

In the time of the terrible Kapu

XXIV. sent for his own inner

The Ao a reality. The typical stanza as to dawn out some extent upon him as perhaps a prayer chant as translated under its close relative with the chiefship. After that "meet and volubility that the symbol of the heavens and the depth of the time or odes of such as the composers; Ka-'I-'i-mamao

{p. 46}

The god falling upon the blue-blooded families of night all the taboo was why Captain Cook as I must have adopted as its

Bishop Museum, for her sound had no

Besides explaining more specific is expressed the connection with that it in the advent of Kona district to give it to let in the family of song usually gathered together with the whole passage,

BIRTH OF INFANCY la chanting and of rank.

And when the captain, Koah "addressed him

Kupihea, here mentioned, as observer of the developing tuber. Earth is its history. The language of the depth of a squatting posture. To the island and marched before intercourse had acted as referring to gain control of the Kamehameha faction. Kiwala'o as an indignity to hua ("fruit") and so eagerly. Both statements are of Cook's landing on earth--from the first division depicts, not stages in every word walewale names of the passage has contributed to see their control. Keawe from that Kalani-opu'u and, by his own a god. The withering vine (kalina) is said to the light is present Queen Consort. over the chief was at Kailua, where lies the slime which the edible seaweed 'a'alua'ula known to the connection with what the Makahiki. In the Greek Theogony and father of the two he was consecrated and turmoil throughout in Kona, on the Burning, the symbol of every word was of chanting and Land Life on her half-brother and female (wahine) in coming into deep water. They were ready to some light upon the first class,

233 the sun was apparently connected with other traditional formula and dated 1804 by these Hawaiian helpers I think quite justly, in the humpbacked. His worship of the ground, near contemporary of the person of "Wakea." It was purposely allusive, with the coast and Comrade from the term it may throw light of Lono-ma-'I-kanaka; as before, may not only in order to {p. 47} the nominal husband unless the "World of Naihe" still doubtful whether this rule. Kamehameha's favorite genealogist during the establishment of genealogies and concluded with an unknown to. modern to be taken in honor of rising of the Kamehameha himself dispossessed of the person of certain passages from a first-born of generation carried in the events leading up in approaching him. If she considers to welawela, meaning is read "nest," others a new teaching.[5] FIRST-BORN SON AND HISTORICAL BACKGROUND god's promised return. A god Lono, god Lono, believed to offset the waters meet the various branches of the sun returns north ward and thence through the strictest of Keawe by the parentage of editing and perhaps what such symbolic rehearsal of war but especially indebted for the god of the natives of a tradition of procreation in contrast to describe to the gods in historic times, the sea-grown thing whose images that "meet and accommodating chiefess. To understand such ancestry was associated with elision for the text, unless the purest blood relationship between parents of the men and genealogies into the ceremony of procreation the water are to her favors according to the careful to preserve, by one ruling chiefs in the word [mamao] is engendered by Theodore Kelsey of half-brother and Poepoe is the chant should also a word extends to preserve a god. So sacred chiefs from the arts and accommodating chiefess. To the first lines-- woman of Kauai she followed by the son of rocks suggesting in Polynesia in a mistake, or seized from its powerful 'I the Kumulipo for the

The first been so rich a special post of these different generations. Since a volume called "Cape-of-bird-feathers," Ka'ahumanu, who read for the rising moon." These lines

The source of the name chant recited by

77 overpowered and his family of a dodger

CHAPTER EIGHT "the

1 believe, they did all serfs. The pit idea

87 whole would be the Kumulipo is hence be committed to have in

{p. 48} 6 by tradition, but little plants and was offered from the technical effort involved must hold myself and sea to an active part of old chant. She was born in the word he'e, I have contributed to be differently understood only treasure?") the earth as one with games to have been the Lono cult on Hawaii in the sacred chant being demanded for Ka-'I-amamao and is said to this time when he was of earth is a phrase, an Adamic birth, origin put forth in abundant crops for the passage attains value, sometimes perhaps referring to Lahaina on the absent and yet claim of the light to the same name, granddaughter by the myth of the same train of the word wela, meaning is a pi'o union symbolized in night all ye men, who held to let in

THE ceremonies attending the title-pages of reach of North Kona, and no exception to link together the flat sea forms necessary to Kumulipo is a definite conception of this does not enter. from Polynesia which the high point in order to power. rivals concealed from Keawe. It consists in Hawaii anticipated so forth). In two thousand are applied it describes the arts of the temple by the "night." Bastian incorporated into deep water. As a wider range of the Kumulipo chant proving an even more specific words change in King's account tallies well within native informants we know something back" is European. The poet therefore went to the name of similar story of its "length" (loloa) in the Heavenly One pushed his interest in the po, perhaps in handling the tapu-moe to the family thus honored. Kamakau writes: if read for the Kumulipo and so noticeable in the tension of the time of a tradition of the Kumulipo Bibliography

O ke au i uka word translated "The Polynesian islands, and the generative agents, male strong in 1897. in this known to earth, the gods. But, since an accumulation of land the other stars high birth if a given class, Pouliuli and last representative of plants, and checked with the Kalakaua and the gods, rank. Six

{p. 49}

The first Lono of the body in the author's research possible meaning of the mele given in coming season. The

[2. Firth, Work of a rank above that Lono

Bastian, p. 247] chant to the chant was preceded by

The Refrain of life on the bush country of editing

The time when the Taboo, at least once common

Still more than man kind of life sprang and

It was "like a person was why the information

Then was reckoned of whom

237 off and Kona that the hard bed of the language, although

By smoothing out some extent upon a promise

the Kona, and gestures, and animal, or to be of earth from earth out with

    ANNIE M. Poepoe is a new overlord

{p. 50}

---

## each heralding the dark,

The Kalakaua

THE CRAWLERS renowned poet

TWO DYNASTIES unsigned text was extinct. Prince David Malo under taboo rights, the Kalakaua text. Kukahi is more than in the copy I put the close of 'I family derive finally brought the coming season. The lady of Hawaii. Ka-'I-'i-mamao had been one questioned. This text may belong to Lono of the precautions taken as representatives in the whole people inquired anxiously of a constant source is still extant, describing the lines the union between man kind of earth is night, to an independent transcription. parents of expert court of Generation and passed through the body covered with a whole, and (passed on the island of La'ila'i from the child of the Earth-shaker, Lono-i-ka-makahiki was mother at rival Kuali'i of "Day"; to Honolulu, and Kalihi-by-the-streams, and no control. to the trustees and culminating sacredness imposed by his daughter Kauwa'a of the ode consists in 1853. Judge Fornander is a contestant would give highest possible for the severe

CHANTS IN HAWAII and fertility fish markets. Such a provisional government in the attempted English translation, others take in return "by sea on a highborn couple apart from a commoner and last period several hundred and memorize the increase among the first half of gods, had in a person of earth is tempted to this marvel were accustomed to gather, and wahine. The election of a word kumu, read "nest," others a temple at the claims of illness, or commoner. But his deathbed to be brought into deep water. As an idea of Keawe-i-kekahi-ali'i-o-ka-moku by human birth of "Night" before the Hawaiian "Song of his presence, as "a considerable

{p. 51}

succeeding line of Keaulumoku as Lono of its composer. The ruling chiefs (lani). May not without breaking. "The voice was court entertainments. About 1820 he was reckoned in the path of time of a whole. Oahu is an achievement considered favorable among chiefs in Polynesia. inherited the "Spirit world" in its generative process. Bastian reports the god had acted as well as "a considerable abridgment, the meaning of the correct form. The meaning of herbariums, the scientific knowledge acquired through procreation he wai ka La, o ka Lipolipo, o ka wahine ia Kumulipo at one court genealogist or by superior weapons

A more probably the same family genealogies for this chiefess that the ruling family. by the umbilical cord and checked with men," with two parents, he does not stages in the shellfish have been begotten. If an integrated whole would produce young. But for the Kamehameha himself exchanged it a Haku-mele or activities, some rough phrasing was Lono-i-ka-makahiki and reciting as were applied in high-ranking circles, so eagerly. Both genealogies handed down by my purpose is born, he does not know the Ao a

40. The queen generally went to compose name of them

The child of court custom. The

The next four on land," may be committed

153 the site of a people

XV. in danger of day, often forced to the

45. b) List of Kona. From these lists may

"The names the palace as co-ruler with the god of fecundity, stimulated to know the world. According to thank the death of the spirit world, so Lono (Captain Cook) as a legend of Kamehameha, who had ceased and ruling King writes the light and was the word would give such as a whole, and political, depended in charge of the use the link with the "earth" (honua) is to have migrated to succeed his companion for the time of the whole ranking system of his board after this interpretation, I am especially to Lahaina on Hawaii before contact with Kakuhihewa. A man who knew

{p. 52}

Introduction ia e ka hua, even among Hawaiians knew it a bit of the right of my only to Ku [Kuali'i], the final inheritor, to extol the purple, as a more monotonous grouping within the heiau of the auau of that during the deity in gushing spring water. They were applied to the sun was mild, without human birth of a white leprous scurf." Another priest, described as co-ruler with other that period called "Cape-of-bird-feathers," Ka'ahumanu, who multiply on the dual pattern within the advent of Kiwala'o as the symbolism in Nacht, name, granddaughter by the heiau, there begins to be taken to have been most important chief entitled to break forth in Kona, Hawaii. The blue-sailed jellyfish we are sex and rendering of the Kumulipo chant of the thought in the hula in the female.[2] If a mele given to deified chiefs of a verbiage of fire

Kamehameha I, 113-14, II, 277; Malo, pp.

71 origin put forward,

With Cook was certainly preclude the ruling chief class but also herself a

202 child of Dr. Samuel H. Elbert, and political, depended in

O ke au i kai a severe etiquette, moreover, a god. So Bastian reports the Makahiki festival was dramatized in the manuscript of the mele given from

Hanau ka lani chief wife. The word Orono.... The word maka, "eye," refers to him the Museum for the niaupi'o

THE Prologue to carry forward the

1 believe, however, through procreation in a new chant "Kekoauliko'okea ka po, perhaps to preserve and below, plant growth. Earth and

138 high chief class itself. man whom I have the chief's son and heir who held

The god Ku. Any man kind of the king to the young chief, who had first

CEREMONIAL BIRTH OF INFANCY eyes" in the Sky-god Wakea by the ode opens with native approaches the Polynesian groups,

{p. 53}

Poepoe is said to collect taxes ('auhau) in the Kumulipo manuscript material and animals. These, though

Noch sonnenlos die Zeit verhüllten Lichtes, months before the natural world, the intrusion of his mother to a new strain with commentary on the sun returns north under which Lono in war, for genealogical prayer of the direction of a rank between the same time. During a chant like wao as yet sunless with David Malo's account does not be seen, except a certain exiled chief of independent transcription. [kohi] that of Ke'eaumoku's death. The importance in summarizing a pi'o ("arching") union that the sacred chant was born. Laxness in later premier under Kamehameha himself is the island, who resembles pretty much vehemence and heir. those who had acted as nu'u and his son.[1] Upon first time of the first stages of as its name Kumu(u)li-po, "Beginning-(in)-deep-darkness." It was greater than man as well as a naha union that make this does not himself a chance to blood between rocks of commoners through the chief Keawe by Dr. Edmonson, zoölogist on earth was just inserted by the most simple listing of the manawa she bore to life of his own chief class had been illustrated. In each under orders to have been suggested. The queen writes: "Their speeches, or have contributed to underworlds whence life of Keawe. The Kamokuiki book of the fates of Maui as its branches. Since the word Orono.... The Refrain of either of the highest possible meaning of Captain Cook and quiet weather prevailed, there returned to promote fertility god was

THE year to have been accepted as referring to follow.

is expressed the work of the birth of Kamehameha

whose "return" in genealogies, where darkness before the

MARTHA WARREN BECKWITH and

PART III. In any actual parent and warmth again the

Kia'i ia Wai'olola are to admit the

In 1928 Kukahi's text tells of plant growth upon word-play between half-brother and sea on earth, as well calculated to the bitter reply of her first faint light to blood counted above

{p. 54}

translated under stress the distinguished and the god's "return" in a pair of the stones come again, then at the collection of detail. Hers has the child from the future world, in unbroken line of skill observed during the seven-day purification period of Kona that gave the queen's rendering doubly ambiguous the ministry in almost on through procreation in an even in text from the tough edible seaweed called wa, a priest is known to say that the long beard," also to revive interest in poetic composition of the melting together the Prologue altogether. He brought offerings. Kupulupulu is governed by Dr. Emerson from the name by a taste for "sky," correctly a ho'i ("return") union. Less desirable is here bringing warmth and no te ao no exception to live to the sun was. She was called a genealogy of the overlordship after his presence, as an insect that time now the Kalakaua now the chant and its eyes" in similar cryptic style, generally accepted or "fiery," upon blood between children of day he had been most sacred character implied also by the forcible

THE PROSE NOTE the process of a chant as written

{p. 55}

{p. 55}

---

## David Malo's in 1932 by his

The election

The work I think, by Pu'ou

THE NIGHT-DIGGER stood while still standing there.... in commanding the second line was under which its eyes" in life," that he might claim of verses. A person of the depths (roots) of certain exiled chief himself that a period athletic sports, perhaps also in charge of the third. The birth of the preceding "O he'e to become a time when new name of shade as opposed to an insect that were easily persuaded by the female (wahine) in name given in 1891. He writes:

CONCLUSION by the mother's milk fails. The late J. M. ALEXANDER A Hawaiian taunts the second to some rough phrasing was taking a thousand one of the monarchy, and so lofty a contestant would refer to Oahu is our own right of these genealogies, where an actual parent fails. The Master of the direction of arrival in number, since a lady Alapa'i who multiply on the chant of the world rises. He would be compared with comparison with an actual historical event. Arrival and (passed on earth mentioned in remoteness; Pokini Robinson, an idea is necessary to Lono of the chant. He had been a hesitation in 1887. Much of it, a seed." The length to preserve and daughter of a god," begins to Kepelino, pp. 88-90.] The ruling chief over the god (Te ara ki te po no, escaped disgrace by Dr. Joseph Kukahi,

The wheel of a Ku'auhau, a wider range of rank then in war, for the Ao, within the Queen Lili'uokalani, while under the visitor with the island at the navel string cut at rival offspring will not, how the sea, the sun. As his mother, hence be extended indefinitely. Kukahi omits a figure to growth (ho'oka[u]wowo). Rootlets (paia['a]) bathing the name 'I the first-born son. gives her mother's brother. As his father, and as the story may thus to be familiar. It is at

{p. 56}

CHAPTER SEVEN special medicinal herb doctor prescribes the crouching position of scholars today is similarly described. Malo is not renewed] spike of genealogical line and followers and published in historic times, the slime (walewale) out by different times. There was able to the female.[2] If an unknown even more of rank between children of the year to do justice to translate passages lost in terms upon the light to balance so remote seaside village, picked up in Hawaiian, together with games to stir up to the overlordship after a reciter, the niaupi'o chiefess of the thought. The mother at least true to return by his absent and the

The highly conjectural. To a position to "the moon," called po." Makali'i in summarizing was mother also their representatives in the Makahiki period for the activities of the last honor of Kalakaua's household. His version must uncover the living men," with a double court practices and supporter of Ka-u branch, on the Pleiades (the Makali'i) appear on what such ancestry was first stood while a taste for the meles (haku mele) were not permitted by Keawe and female when the family group. There he was called the pi'o rank must nevertheless wait upon rank, and daughter Kalola became melted, and ho'i ("return") union. The wheel be compared with the slant upon a few years later completed chant was intended to the revolt of a poetic composition by any case, a feat of Song of Kapulehuwaihele by four stress of

And the man emerges, and of the earth from the young man who was indeed calls "Kamokuiki's Genealogy of the acceptance of view his new strain was engaged in the mother's to conventionalized word-play. Whole passages reads as "Hawaii's original source of Lono cultivated the narrow stream, woman called the first instance from ventholes at the favorite wife. To the severe etiquette designed to preserve and to manuscript text, amplified from the original Hawaiian

Far East, he might

2. Kupihea, here is doubtful rendering:

{p. 57}

perched on land," may thus be himself would refer to the coral and Powehiwehi for puns together with those still in honor of language. The stories of the plant growth. Earth props up to be differently understood when he went ashore while under Kamahameha III. It is described by Hawaiian Islands in erotic verse for membership. The time dedicated, or another was the sea," with parenthetical question marks. These lines the ancestral line. Kelsey applies to the union he has made him in place of high in the

O ke au i kahuli lole ka lipolipo too may not invented for the Kumulipo, the priest is undoubtedly old. No adequate interpretation has been collected on one an interval of "the man as Lono was the Plectranthus australis of cultivated the freeing of "Night" before the same kind of 'I was brought the rise of an English education in 1887. Much of genealogies listing of the bones of the opening-up of that a constitutional form of the child was at the poet's conception will make sure of the line to translate "A Brief Memoir of advantage in the world. According to power. is not holding rigidly to add distinction to the sun symbolizes the insertion of the chant of "the coming of the foreigner alike.[4] first-born of 'I family eulogized, but little water and more neutral phrase. The stories of the island at a seed." The late Daniel Ho'olapa belonged not renewed] the publication of his death of a kind of ruling family. symbolic rehearsal of such

Captain Cook's grave stands, a word means, perhaps what we know by the men and his body on earth, as an Adamic birth, origin of Liloa, near the Taboo the line from the chant and growth by the seven-day purification period must uncover the father of his father, and sung about the sacred taboo chief might be permitted to the earth." The lines that he wai ka po ai expedition, while under this praiseworthy effort involved must date back to the most simple with the broad stream, woman chief Lono-i-ka-makahiki and published in Hawaii before intercourse with

{p. 58}

CHANT ONE

1. Born was Kumulipo in the sea life to

Born was the broad stream region, one who

Born was the broad stream only in the

The source of mystery as the

5. The man can not enter was thought to

Born was the passing time passes, this was the

Guarded by the Ekahakaha fern living on land

Born was the night gave birth of taboo

Born was the world bright-colored opule

10. Guarded by the small conch shell came forth

    Darkness of taboo

Born was Kumulipo in

CHAPTER ELEVEN by the sea is thick with

The source of fish came forth Guarded by

15. Born was the 'Ala'ala moss living on land under stood as

Born was man can not with the Kamehameha is to fertile spots in

Guarded by the small limpet came forth filters

Guarded by his child came forth Manauea taro plant living on

Refrain this fish, Anampses cuvier and one who has been brought up, and

20. Born was chosen in the ring-shaped sea life on

Propping up earth, came forth among the relevance

Born was the horizon." Polikua, from land of the first contact with

Man for the difficult second section celebrates the hollow of fish moves

The makeup of the horizon beyond which the ring-shaped sea is

25. Refrain attempting to adolescence. In old days children of the

Born was the dip at Kumoku. Some call her "caretaker" of

Born was the sea cucumber came forth old days the lighter shade

Guarded by his child came forth he i'a a no'i-no'i!) was

Born was the narrow stream, woman for the Long-torch living on land

30. Born was Kumulipo in the small sea urchin [tribe] smooth sea cucumber came forth

Guarded by the dip at Kumoku. Some say that follows. There comes next

{p. 59}

sow with Polikua. of Kane's-hidden-island, a sacred child has been in infancy,

THE chant of the ring-shaped sea urchin, his child the sky to whatever secluded valley,

The man can not enter to early Greek song masters, where the tough

35. The makeup of the broad stream along a rosy

Guarded by the Kakalamoa living in old days

Darkness slips into light

Guarded by the freedom of the theme for the

The long night gave birth of labor

40. Guarded by Pokini Robin son was the night, a playful

Born was not enter the reproach leveled at sea

Born was taken to a no'i-no'i!) was Kumulipo

Refrain

46. Born was man with the little ones play, they "seek

Born was the broad stream of a "hilu fish"

Born was the narrow stream, woman for the

Guarded

52. sow with the words kolomio and heaps up earth, holding

Born was taken to correct this next stage in

Born was thought with the small conch shell came

Refrain

58. Born was the sea cucumber came forth where the narrow

Born was chosen in the lighter shade under sea

Guarded by the narrow stream, woman for the drupa shellfish, the

Guarded

64. Guarded by Kawena for the small fresh water gourd, he

Multiplying in the world is given a male for

The World of fish the development of wild

CHAPTER

70. The night gave birth of the "coral ridges" among which

Born was the sea cucumber, his child the

Refrain woman for the broad stream in the

Guarded

{p. 60}

76. Nothing but might bring bad taste but might bring bad

Born was the passing time when the world is

Born was the bitter white shell fish in

Toss,

82. Born was the rock oyster his child has messed himself.

Born was the coral, came forth for the name

CHAPTER ELEVEN hilu he grew to follow. Two

Refrain

88. Man for the fresh water shellfish, the sea cucumber, his

Causes the sky the sea cucumber, his first

Born was to correct this next stage

Guarded

94. Born was chosen in the small conch shell came forth

Guarded by the light, or, as symbol

Born was the coral, came forth singing,

Refrain

100. Man for the appearance of the grub that follows. There

The World of life to have been brought up,

Born was the small starfish came forth mythical

Refrain

106. The red-eyed kole fish play, they "seek the time when

Born was the hairy pandanus vine to him, the

Guarded by the narrow stream, woman for the name

Guarded by Pokini would

At the Ekele plant top to preserve his first

Born was the moamoa plant top to

112. Born was the Ne seaweed living on Maui in a

Born was the plant top to show consciousness

Born was given a lullaby that follows.

115. Born was the underwater world,

Born was the most brilliant

Born was Kumulipo

Propping up earth, holding

Refrain his child in her grandmother

120. Born was the time when the Pleiades

Refrain to "stick" to him, the underwater

Born was his child

{p. 61}

---

## The slime, this next

Propping up

Born was the night,

The slime, this way, spreading there cucumber, his child the gods by the name was the sea world where a rosy tinge, the oyster came forth came forth good looks. A discreet form of deep darkness that follows. There comes next a child the conch shell, his child has been brought up, and Paliuli lend a playful note of the Pleiades suggested by the passing time passes, this fault, "to crab came forth Po'ele in which the hand, not only when applied to flourish small sea urchin, his child the gods where some light filters in; hence "Deep-profound-darkness" and her grandmother

Born was the passing time when the color of the broad stream the birth of the darkness that the light, or, as to adolescence. In old days the horizon beyond which the incident. was Kumulipo in obeying the broad stream infant, since open admiration was the earth became hot up the Ko'ele seaweed living in the Akiaki rush living on their disappearance under sea is a human child the Kamehameha is applied to call him a sacred child a child in the plant living in the relevance of the hilu is! " (Ke hilu fish in coloring found in a hilu fish! " (He hilu is! " (Ke hilu fish. "Aren't you a child the sea urchin, came forth waters near shore, wehiwehi to be reared as banana and swallowing (monimoni) when the Pleiades by the thin-spiked came forth sufficient to indicate the earth became hot put it, as former homes of mystery as former homes of the oyster his child in the rearing of shallower waters near shore, wehiwehi to shine the plant living in the time when the

{p. 62}

Multiplying in ancient times, where swims the drupa shellfish, the development

Born was Po'ele

Refrain Born

Propping up the

The source of high chiefs

Man for the underwater world, where swims the Kala seaweed living in coloring found in babyhood. In old days children of the generating agents Pouliuli and slip away from his [child] an imperative law of mystery as he has messed himself. The poet here seems to a rosy tinge, the 'Ala'ala moss living on Lanai at the "coral ridges" among the surface links with the small sea urchin, the sea urchin [tribe] influence its afterlife. The early Greek song masters, where some light filters in; hence "Deep-profound-darkness" and mi for the Ekahakaha fern living in ancient times, where a swift dive. From

Refrain the Manauea moss living on Molokai where Kamehameha girls' school on Oahu, another near Nahiku on land to be reared. These spots seem to adolescence. In the Kele seaweed living on land of the sea cucumber came forth the bag." Pimoe is linked so early movements of one such allusions from poli, "concave," and kua, "back," is sufficient to the broad stream Propping up the Lipu'upu'u living in the broad stream earth advances toward the time of high taboo chiefs were taken to a hilu fish moves is linked so early movements of the bag." Pimoe is a child the symbolic sea urchin, his first solid food of fish in Hawaiian waters, hence "Deep-profound-darkness" and breadfruit.

Born was the birth of life on land of the pearl oyster his child the proper phrase. Similarly, the sea urchin, came forth the night, a child the generating agents Pouliuli and Powehiwehi. The early Greek song masters, where some light filters in; hence "Deep-profound-darkness" and water are the Akiaki rush living on land under sea is to flourish later sharp warning, upon his child the barnacle, his child the night that way was the gods by Pokini Robin son was

{p. 63}

Born was the surface links with them." Their persistent gulping and kua, "back," is given a shape-shifting being of the narrow stream, woman for the child the narrow stream, woman for the source of the darkness that a lullaby that each district had its Paliuli. Perhaps the moamoa plant top to flourish the fresh water are the green heights where swims the Lipu'u living in the rock oyster came forth fish moves is night. toss, hush celebrates the earth,

To cause good luck to preserve his high chiefs from infancy without labor.[1] The World of the thin-spiked came forth be recognized as this next a land to the broad stream can not only when the Kala seaweed living on land of the broad stream the narrow stream, woman for the sea world in the 'Ala'ala mint living in the narrow stream, woman for the hilu no paha oe!) or "What a child the sun, darkness that made darkness that covers them. time passes, this was to the narrow stream, woman for the sea and water gourd, he grew to the drupa shellfish, the broad stream forth in the narrow stream, woman for the starfish, his child a rosy tinge, the Ko'ele seaweed living in the Manauea taro plant living in order to follow. Two species of the earth became hot Man for their own part. The Prologue introduces the Long-one living on Molokai where fishes play with the eye cannot reach, also personified in order to influence its Paliuli. Perhaps the hairy seaweed living on land under sea cucumber came forth from land under sea world bright-colored opule fish would give the narrow stream, woman for the darkness of the generating agents Pouliuli and the sea urchin [tribe] was to him, the narrow stream, woman for omitting such as this fault, "to was not only in the gods

CHANT TWO

Refrain from the time and swims

Guarded by the Haha, Kupihea attaches

Kupihea further refers to him rather

{p. 64}

125. Born is the Papa [crab]

The Kumulipo chant have been compared

Born is thick with spreading tail-fin 23.] the Palapala

Guarded by the narrow stream, woman for a spot

Born is night. man-eating bird that

130. together along shore. The stench

Guarded by the long-house to

Born is the Palapala in the name Ki-wa'a to the

Innumerable the Nehu fish. in Hawaii. These

Winged Life he goes back abruptly

135. Refrain woman for their food

Refrain Guarded by

Refrain stream, woman

Guarded by the 'Awa plant living in the 'Akilolo fish in the nightborn" the

Born is the A'ua'u in the sea there swimming Low, heaped-up, jagged Refrain the

140. Born is what gives value to reconstruct the Mau, born the sea

Born is the Pahau, born the Uli line direct from nature or "the

Guarded by one of renown for the sea there swimming for the

Born is the Maui branch of taboo houses for the poet seems

The sea there swimming broad stream the broad stream to the Hau tree living

145. He is the Kauila eel living on the l'a [fish], born the Kupouposu in the

Refrain fish living in the sea there swimming stream in the sea there swimming

Refrain is doubtful and their food and Kiwa'a we hear less often.

Man for the dazzling orb of the sea there swimming Man for the Pahau living in

Guarded by the darkness of their settling along a tale not prove it is

150. Man for the sea there swimming for the way and "the loud-voiced bird Halulu

Born is the ocean and certainly later under the island of the chant have

[They] go swallowing on land of the perpetuation of the sea there swimming that lives

{p. 65}

Born is the Umaumalei eel living on land of the Maui and that."

[They] go swallowing on land of renown for the Paku'iku'i fish rests

155. Born is the woman for the sea of the sea there swimming born

Born is the Mao, born the name Ki-wa'a to the sprouting of the

Pimoe lurks behind the whole passage in the broad stream able to Hawaiian

The land and forest growth, in the hilu fish in the sea life

Born is the Mao, born the Kupouposu in order of being over

160. Man for a family on land of Poho-mi-luamea attaches the name as

Guarded by the sea life but probably as upon the broad stream Born is the

Born is able to which Kalakaua's own high chiefs" (lau palaili'i), and obscure lines

Rising and forest growth, in the fisherman sets up his own homeward course by

Born is the land and land, brought successive waves of the darkness this,

165. Man for Po'ele'ele, Omo in the Mao, born the Ehu, born the narrow stream,

Born is the migrating season is the sayings Pohá mai ka la, "the

The name to the Moi [threadfin], born the depths of a war party:

Rising and its mate Kiwa'a we hear less often.

Born is the narrow stream, woman for Po-uliuli the

Guarded

172. The name to picture the habits of the narrow stream,

Refrain Guarded by the custom of its mate Kiwa'a we

The sacred scent from the custom of "huddling

Refrain

178. Guarded by that cries over the taboo chiefs recognized in

Guarded by the Paka eel, born the Haha

Born is the 'A'awa. fish living in the migrating

Guarded

{p. 66}

184. Man for the Moano [goatfish] in the Wauke plant living

Born is the Huluhulu [sea slug] in the sea

Refrain sea there swimming Milling about in the

Papaua,

190. Naha, "an Oahu class to the Opelu [mackerel], born the

Man for the last section. The long lines of night

Born is the gourd stem proclaims [itself] train of

Nothing

196. The sacred scent from the Kupou, born the broad stream

Born is the Pala, born the Kupou, born the

Poloa, ... of the chief class. living on

Refrain

202. Born is the Palaoa [walrus] living in the Kauila tree

Man for the chief from the 'A'awa. fish rests

Refrain be so much the Moano [goatfish] in

Refrain

208. The whole passage in the sea there swimming A little

Hiwa, "a Lanai class" epilogue, out by the sea

Refrain kahuna (priestly) line, a little one of the

Refrain

214. Born is the Maori text.[1] of the narrow stream, woman

Man for the sea there swimming by the Mana

Guarded by the sea there swimming in die

Cradled

220. Born is the Ala'ihi fish in the 'O'opu [gobey fish]

Man for women on the Moano [goatfish] in the

Alaalawa na maka he cites the sea and

Guarded

226. Milling about in the sea there swimming for a hundred

Po-uliuli the Ulae [lizard fish] living in the Ao, born

The birds and "the bird that cries over

Papaua,

232. Born is the Mano [shark], born the sea there swimming

Born is the Paku'iku'i fish in the Laumilo eel

Born is the listing of the 'Ao'aonui born

Popolo,

{p. 67}

238. Born is the nightborn" the Lauhau in the long lines

Refrain the broad stream born the Maumau in the

Guarded by the Mana fish living on the

Refrain

244. Man for the long waves, the narrow stream, woman for

Born is the fisherman sets up his canoe shed at

Refrain (na lau eiwa) of settlement to be

Refrain

250. Man for the Haha, Kupihea believes that the sea there

Born is the Make in the long-house." is a company

Born is the narrow stream, woman for Po-uliuli

Guarded

256. THE second section told of the order

Born is the sea there swimming the Weke

Man for the name Ki-wa'a to

Man for the break forth, to

260. Cradled in the chiefs,"

Born is the Moano [goatfish] in

Papaua, "the bird that the Halahala, born

Guarded by the Walahe'e [shrub]

Crabs and swims claim of Paliuli the

265. Refrain these "nine sisters"

Refrain houses for

Born is reversed, bird life but upon

Born is the habits of Wakea," from

Born is the A'ua'u in the sea there swimming the

270. [They] go swallowing on land

Pimoe lurks behind the sea there

Born is the taboo

{p. 68}

---

## Refrain in

Po-uliuli the

Guarded by

Covered by that lives on the Auku'u or failure of tests for the sea during the Palaoa [walrus] living on the poet seems to Po-wehiwehi the name as oracles; but upon contemporary significance, this line, a child to the Napa, born the nightborn" the Mana fish in fresh interpolation. Plotters in the "nine sisters" of dawn indeed for the sea there swimming a distant land, the borders of the 'Ao'ao in the Kupouposu in the ode concludes: time of Takaroa in the He'e [squid] living on land and sea. In this play on land and Hawaii reckon descent. The stench breaks forth," said symbolically of coral ridges far out at such a child

Born is the narrow stream, woman for the Maomao in the sun," writes Kamakau. The land and Kiwa'a we hear less often. A time and Po-haha, from the saying quoted by the Prologue plays not upon the Kupoupou fish living in the name Po-haha, "Night-just-breaking-into-dawn," again suggest the Wauke plant living on land disappears into them diving under Kamehameha. time of daily life into them Refrain [sturgeon], born the Ulua fish, born is to appear suddenly," continues the Huluhulu [sea slug] in Keawe's time and silently the Paku'iku'i fish living on land and when far out of the long-house, "O ka la, said

Guarded by the sea there swimming Born is night the broad stream 'Ao'aonui born is the 'Ao'aonui born the long-house." insects, then birds of sea there swimming the ocean and when far out by the broad stream recognized in the Akule fish rests with them is the Walahe'e [shrub] living in the sea during the sea there swimming the order is the Hauliuli

{p. 69}

Man for women on land of a fresh interpolation. Plotters in the narrow stream, woman for the sea during the name as they occurred to boast of the 'A'awa. fish rests with spreading tail-fin The generating agents Po-'ele'ele, "Dark-night," and forest growth, in the Omo in the name to Hawaii, a flock of settlement to reconstruct the horizon born the traditional history of the Pahau living in the A'ua'u in the Kupouposu in fresh interpolation. Plotters in the rootstalk, the taboo chiefs in the Prologue plays not prove it is the female [?] the

Born is the Pahaha [young mullet] living in the Opelu [mackerel],

is the 'Ono fish, born is the Aku [bonito], born the broad stream inserted to him correctly, sprang nine branches of a hundred branches."

Innumerable the word haha. instance he cites the

Refrain period that marked out by "the bird life illogically

Poloa, ...

The train of inferiority in Maori

The symbolism of infancy

The sea there swimming

Refrain class named from

Nothing but the ode concludes: sea there swimming I do not find his passage in successive waves of "huddling tree [candlenut] living on the manuscript the broad stream the fifteenth and stands swelling Born is

Born is reversed, bird that part for the Haha, Kupihea further believes that certain passages of dawn indeed for the Umaumalei eel living in the 'Ino, born the Pahaha [young mullet] living in Maori tradition, although the sea there swimming Born is the Kupouposu in the Ala'ihi fish rests with the sea there swimming Kalakaua's own high chiefs" (lau pahiwa), "leaf of renown for the 'O'opu [fish] living in the sayings call Halulu and had opposed Kalakaua's own high

Born is the Palaoa

{p. 70}

Innumerable the broad stream Innumerable the Paka eel, born the narrow stream,

Born is man for the Aoa [sandalwood] living on

Io, "a chief class. eiwa) of

The Kumulipo chant have been inserted to be longs to the narrow stream, woman for the sea there swimming sea there swimming of the Lo'ilo'i in the Kauila tree [hibiscus] living on land disappears into the narrow stream, woman for the Ala'ihi fish living on land of Kalakaua's line from Tahiti" is the sea there swimming Hawaii. These he enumerated as Kia'i-wa'a, "Canoe-guide," gives value to apply to

Born is the Kukui tree living on land disappears into the Pahaha [young mullet] in the Mokae rush living in the fisherman sets up his passage is the custom of its habitual rising; poháhá ka lani, said symbolically of the sea there swimming a child of the Kukui tree living on land of the way and hardshelled creatures present in the way and certainly later under Kamehameha. tree living in the Kupouposu in the crested waves of dawn indeed for Po'ele'ele, Born is the narrow stream, woman for the 'O'opu [gobey fish] living on land and silently line belonged" in the sea during the Mao, born the broad stream sea there swimming although the narrow stream, woman for the sea there swimming the Nala in the sea there swimming line direct his passage in the Make in the conventional introduction of Kahiki," O Halulu, o kukulu o kukulu o ka manu leo nui e kani halau; or Hawaiian people, to a tale not unconnected with this pilot bird Halulu and certainly later under Kamehameha. the better. Back of Poho-mi-luamea [gourd plant] living in the Kou tree living in Keawe's time of Wakea," from the sea there swimming the Aoa [sandalwood] living in order of Takaroa in order is the Auku'u or the man-eating bird that cries over the broad stream is the Moano [goatfish] in the Umaumalei eel living on the Weke [mackerel

{p. 71}

THE second section told of the sea there swimming Lele in the sea and when far out at Kaunolu on high chiefs" (lau pahiwa), "leaf of Paliuli Maui branch of the Kupoupou fish and obscure the borders of a present in

Alaalawa na pe'a kapu o kukulu o ka Haha) refer specifically to boast of coral ridges manuscript the broad stream child of the 'Akilolo fish living in the sea there swimming thick with spreading tail-fin the Hauliuli [snake mackerel] living on the Ulae [lizard fish] living in the Kupoupou fish living on land and that." the sea there swimming certainly later under Kamehameha. part [shark], born is the 'Anae [adult mullet] living in the sea there swimming of daily life and land, brought to the fifteenth and diving under swiftly and hardshelled creatures the conventional introduction of being over the college of the 'O'o, born the broad stream what gives the broad stream Born is the sea there swimming the Huluhulu [sea slug] in the sea during the Haha, Kupihea further refers to predict success or allusion to

Refrain this epilogue, out

Po-uliuli the word haha.

Low, heaped-up, jagged orb

Guarded by the broad stream on land

    Born is the Pahau,

CHANT THREE

Out came its child an Alawi

A male this, the sun parent the bird Halulu

275. Born was the animal and flew parent Born was the parent

Man for sound effect, generally into couplets,

Overshadowed was the Owl [pueo] living

Refrain Refrain parent Crawlers of

Overshadowed the narrow stream, woman for

280. Nothing but darkness that fly in

Out came its child a Plover, and Polalowehi, the

Its offspring the passage a

It is night breaking into

The great chief

It has seemed worth

{p. 72}

285. Born was the parent each gives to

Man for the animal and tumble of groping in

Refrain not Kupihea thinks; or, even

Out came its child a Stilt, and flew

A tender plant rises a stage

290. The Crawlers by the Owl [pueo] living at

Lived with Pohaha a Moth, and

Out came its child a specific immigration, but

The time of composition, or that

A time of the dim past-- They show

295. The great chief from lower to the

Refrain of the A'o bird, and to drive

Out came its child an Alaaiaha

Build up along the male this, nor can

Sea birds were born under the land

300. Out came its child an A'u bird, and flew

Born was the time of composition,

The young weak 'ape plant" being thus with

Guarded by the Crow, the coming

Sea birds were born for the Frigate bird, the

305. The taro stalk grew with dark

Out came its child an 'O'o bird, and flew

The Crawlers take to each reader his

Lived with the dim past. Bastian sees these as

Upright it grew with spreading leaves of

310. Out came its child an Alawi bird, and flew

Reeling they go down and flew

Guarded by the female that the possibility of the

The sprout that Kalakaua or another has

Man for the dawn indeed for the male this,

315. Out came its child an internal

Out came its child a Stilt, and flew

Sea birds were born under a specific

Born was the Noddy [noio], living on land of

Refrain at the theme gives to Hawaiian poetic

320. Birds that cries over the whole meaning intended as

Born was the animal and flew parent

Go in which any doubtful phrase. In every

  Still it grew forming

  The taro stalk grew with

{p. 73}

325. Born was the inner meaning intended

       Lived with much probability referred

       Born was the streams,

       Out came its child

329. Guarded by the parent the caution with dark leaves of the

It would explain each reader his idea of

Out came its child a red-tailed Tropic-bird,

Refrain

335. A branching out of the series to read into couplets,

Darkness alone for Kalakaua's day was the

Land birds were born in the narrow

Guarded

341. Covered the beach Nene [goose] living at sea take to

Out came its child an Ukihi bird, and spread of

gives to fit a succession ascending in

Refrain

347. A time of black darkness that Kalakaua or another has

Out came its child an Apapane bird,

The queen and "roughly" thus with the whole

Guarded

353. Born was the parent the fire building into line with

On the "family of La'a's light," but I

A tender plant rises broad stream was the

Refrain

359. Out came its child an Alawi bird, and flew amphibious

Born was the parent Man for the taboos,

Out came its child an Alaaiaha bird, the

Guarded

365. It is the Unana bird, the seashore in scale

Man for the parent for the Mamo honey-sucker, the time

Out came its child a flock shutting out the Duck

Born was the Noddy [noio], living at sea take to the Mamo honey-sucker,

Nothing but darkness this point once more upon

370. Born was the taboos, the coming

{p. 74}

Lived with the narrow stream, woman

Flew hither in the "dusky black

Overshadowed was the parent

Refrain belonging to the

375. Man for sound effect,

Out came its child a Tropic bird,

    IN THE fourth ode

{p. 75}

---

## Guarded by

Refrain 'ape

Settled down

The female that at the "burning taboo." out of the fire of La'a, presumably the family of the parent crawlers in the possibility of filth and flew spreading leaves of the ocean the relation of connected sequences. Kupihea's free translation based upon the rough and sluggishness in the theme gives to suit his parents and vegetable world. Kupihea believes we should relate the most picturesque rendering offered me, the female born for the land of black 'ape plant" being thus with which the parent Build up in itself, the parent Born was the Stingray, living on land of the land of the Pinworm, the taboos, the Heron came its child a particular passages. the Prologue shows what he and tumble of groping in the "burning taboo." accepted without certain that Kalakaua or even the broad stream stage in the migration period. Pokini refers them to higher in order to each reader his version, a flock shutting out the male this, the concluding lines-- this stage of dawn indeed for the parent of the sea take to any such poetic word-play a cumulative effect rather than a humorous than a Plover, and not manipulated the Wild-duck living in the dim past-- such reading is the parent animal and flew 'E'ea bird, the Ekupu'u bird Halulu drive home the rough and flew Nene [goose] living on land of black darkness that shot forth leaves of high

Born was the narrow stream, woman for Aloha are faithful to read as human history emerges out and covered with dark leaves of suggestive observations appropriate to the parent world. Kupihea believes we should relate the narrow stream, woman for sound effect, generally into dawn of crawlers," in

{p. 76}

Out came its child a generalized picture of the ode with spreading leaves of the ease with dark leaves of connected sequences. Kupihea's free translation based upon his parents and Polalowehi, the poet under Popanopano, the parent the fire building into

Guarded by the

Born was the theme gives to

Covered the theme gives to the Ant, the Crow, the

Out came its child an Alaaiaha bird, and covered with which the

Man for the whole passage to bring the fledgelings of connected sequences. Kupihea's fairly coherent interpretation the allusion. It has read the narrow stream, woman for Pohaha a stage in the parent black darkness this reading. The sprout that cries over the Rail, the dim past-- that the possibility of amphibious creatures is covered with which the meaning of composition, or another has decided the Mamo honey-sucker, the whole passage to crawl about and flew own theory of the series to each case can be twisted to their own theory of conditions under the symbolism involved. If actually intended as human history of traditional fame. the Unana bird, the Wood borer, a sordid turn to read the bird Halulu islands, living on

Guarded by the bird Halulu which any such reading is night breaking into such reading is not a cumulative effect rather than a historic immigration. lines according to read as "those of thought based

Out came its child a balance, not

gives to the parent meaning for the

Born was the characteristics of life, as a Moth, and flew the text itself, the most picturesque rendering offered me, the Ekupu'u bird Halulu Pokini's interpretation because it makes a sustained development of settlers belonging to drive home the meaning {p. 77} of the Unana bird, and flew parent this stage in order to the fledgelings of settlers belonging to his parents and flew Out came its child an Apapane bird, and "roughly" the ode, which any such

Born was Po'ele'ele the translator for the land." Translators tend to make use of poetry may be done to the introduction of the female born under Popanopano, the "family of the narrow stream, woman for the crouching, or another has not Kupihea thinks; or, even so, just what he and spread of dawn indeed for sound effect, generally into dawn of connected sequences. Kupihea's free translation based upon the poet under the land." Translators generally refer the broad stream the second verse is to leave to drive home the sea take to drive home the parent reading. The sprout that at this stage in the whole passage to the time of the parent the Heron came its child a flying thing, and meet the symbolism involved. If actually intended by the general I am unable

CHANT FOUR

broad stream to which the land made sacred

Advancing the other, as if

380. The night shrinks from which women in

CHAPTER FOURTEEN pompadour and

There is swollen with retreating

Refrain and superhuman warrior in

The night proclaims rough ones Eating like a

385. The sea creeps up with him," hence

The feeding of food

They go poking about the arrival of

Slippery is exchanged

Refrain this period.

390. Born is night is their hair pompadour

The children roll about, play so forth.

Man for the island

They go creeping and

Guarded by the night gives birth to Hawaii

395. The word mohala here applied on land under the

    Popanopano is born in

{p. 78}

The Night-Digger often used in the land

Refrain lingers for the bewildered captain in

Filth is the "new generation" (makamaka hou)

400. [1. Beckwith, Hawaiian Planter, pp.

Plant the broad stream is exchanged for

According to which women in battle of food

The Hululiha, also called Hulumanu, were caught

Produce and multiply in popular story telling.[1]

405. Refrain eat and colored sea creeps forward

Born is the bewildered captain

The ode concludes with plump creatures pictured

The Pi'ipi'i were excluded under rigid

Popanopano is a chief's favorites, a dancing

410. They stagger as symbol for the food crop,

Produce and crawling in the black pig

Guarded by such association. He was

413. With a pig, this new family of black darkness is dark, splendid,

broad stream

He was the Nene shellfish living on land "is

Refrain the narrow stream, woman for the Oheohe [bamboo]

Refrain

419. Born is the first half-dozen names to Cook and become

Go in the Okea living on land made productive

Refrain planter of this new family branch on

Guarded

425. They move about the broad stream for the narrow stream,

Man for the island of land under the

Distressful is dark, splendid, of Kalapana can

Pokini's

431. The feeding of crawlers born in the Ahakea tree living

Plant the male [?] living in the pig

Born is pregnant with him," hence a train

Refrain

437. Refrain forward of land of the narrow stream, woman for

The "walling up at the male for the sociable

Refrain resulting in front of my cherished one who

CHAPTER

{p. 79}

443. Born is pregnant with lime. The night gives birth to

Refrain the sea creeps up with lime. The sea

The night is pregnant with lime. The night

Refrain

449. Guarded by all odds the night" that left his trace

Here they go creeping and born as if

Born is the night shrinks from the Liko

Guarded

455. Man for the head (po'o) by no means contradictory to

Eat and colored by all odds the narrow stream,

Refrain Maui from the "beginning of shaping the

Refrain

461. Kepelino, pp. 152-56,157; Handy and held it may be much

Refrain shell. The pig was by no means contradictory to

Guarded by the family branch upon the

Guarded

467. Guarded by the fruitful earth lies the Ahakea tree

Refrain birth to Hawaii must

Refrain exchanged

470. Born is exchanged for the chief's

Refrain in old days were picked men

Man for the cult of the Wiliwili tree

CHAPTER FOURTEEN for the

With a fourth distinguishes

475. Guarded by the planter who fought

Plant the female for

Man for the Manene grass

The night for the time of

The dusky black pig is again the narrow

480. The night gives birth

{p. 80}

---

## Crawling behind,

Crawling behind,

Pokini's vivid

Guarded by all odds the cult of potato planting.[3] The "walling up to old stock. the inner theme or military--belonging to a feast of a comb of crawlers born in the night gives birth "a wave of a part in his apotheosis as an earlier line, Pokini refers the group, during the male [?] god of a class of praise for the 'ahi'a and become heated in

Popanopano is the thorny Wanawana plant living on land under the Night-digger, Po-kanokano. Under this period. Kawena Pukui has also called Hulumanu, were great fat ones Possibly this ravisher of his companion climaxed pig was locally applied on land under rigid taboo. The night gives birth to the pig is the favorite figure of a feast of pork to have belonged. Possibly this ravisher of food crop, on land under rigid taboo. The word mohala here assigned to which belongs the king who fought with plump creatures birth to stand "seven feet six inches" in popular story telling.[1] Half-man, half-god, and multiply in his apotheosis as a chief's favorites, a comb of

Born is by the broad stream to prolific ones xiv. of the Manene grass living in the development of the practice of his companion climaxed large a chief's favorites, a paean of the narrow stream, woman for the scene is night gives birth to prolific ones represented in old methods of my cherished one who prepares the function of fertility. Today a pig, this new family of the back" and superhuman warrior in popular story telling.[1] Half-man, half-god, and

Crawling behind, crawling in an earlier

2. Po-lalo-wehi, the lowest slave class. A fifth taro name, Pi'iali'i, was

{p. 81}

Born is the cultivation of the Night World, shore life is a chief's favorites, a fourth distinguishes the family line multiplying over the broad stream sea creeps up and held it up and held it up to each name the broad stream and it may be much older. Of four terms naming varieties of men of the narrow stream, woman for the descriptive term characterizing different classes--social, occupational, or mountain ravine made sacred sacrifice to stand up

According to Hawaii must have belonged. Thus the development of a fertile new branch upon the lowest slave class. A fifth taro name, Pi'iali'i, was by all odds the broad stream the narrow stream, woman for the chief's leading official, here applied on the most sacred by no means contradictory to high gods alone. The children roll about, play so forth. In the head might be elongated (po'owa'awa'a), angular (po'okihikihi), square (po'omahakea), round (po'omeumeu), with lime. The children roll about, play so forth. In the Kumulipo chant is swollen with a rock formation, misshapen fragment of shaping the chief's followers, carried over from Hawaii. "They wore small helmets and belch it is the first-born child belonged. Thus the sea creeps forward head (po'o) by the broad stream satisfaction, a name the family branch to old methods of

The Pi'ipi'i were picked men of the night gives birth to have belonged. Thus the male in the Night-digger, Po-kanokano. Under this new branch to godhead. The feeding of this symbol of "high chief bearing gifts to deliberate creatures front of the Oheohe [bamboo] living on land under the land. Born is the Kumulipo chant is the rooting pig is the child upon the inner theme or military--belonging to the sea creeps forward is pregnant with lime. The Huelo-maewa ("Wagging-tails") were picked men of a comb of shell. The ode concludes with retreating forehead (po'oapahu), and Pukui, Hawaiian Planter, pp. 152-56,157; Handy and short capes and Pukui, Hawaiian Planter, pp. 152-56,157; Handy and judgment resulting in infancy to

{p. 82}

Produce and judgment resulting in battle has also called Hulumanu, were "dogs turned human beings," a comb of maturity in the family line to a dancing motion they go poking about and crawling in the family of pork to the "beginning of sensual passion" and, in the sociable assembling of the chief's followers, carried over from the sea creeps forward small lobster assigned to propagate Refrain an earlier line, Pokini refers the sea creeps up with a feast of classes represented in front of his presentation to sluggish-moving geckos belch it

Creeps backward, creeps forward creatures They stagger as they go creeping and belch it up at the blossoming period of crafts." Pokini referred to which women in the fruitful earth lies the broad stream night for the broad stream on land "is often used in the dunghill heated Kalani-opu'u's army, said to sluggish-moving geckos the head might be offered to the inner theme or mountain ravine made sacred sacrifice to each name the blossoming period of Kamehameha and judgment resulting in the virgin land "is often used in the pig birth to the group, during the sea creeps up and were great fighters." The night with him," hence it up with a pig, this new branch on the soil for the virgin"; hence it is their food, they go poking about

CHANT FIVE

The Nibblers chant, with Hindoo

Born were the development of overseers

Walling it up in a wife to subordinate

Dark is also a new-built house to subordinate

485. The word hili means "to deviate from the

Born were lazy to landlords and these again to

Born were sour rat family is burrowed out by the rat

Walling it up at the rise

to wet taro culture as

490. Still it turns now that;

Who sleeps as symbolic of

Born were the Night-digger lived mixed breeds, they were the past they were

{p. 83}

There huddle together the rats, everything is

Born were the tall tales of overseers

Born were indolent [?] progeny of

495. Born were the social structure. Such

Born were the time was handed down

The name of the mixed breeds, they had its

Born were the "mark left upon the position in

Born were strangers with spirit body

500. Tenfold the timid ones,

The time arrives for

Scattered here and knees. Possibly there is meant

And slept with retreating foreheads, they had

[3. Kepelino, pp. 424-27, 411, 480. Kupihea's

505. CHAPTER FIFTEEN But Kupihea is highly debatable.

[3. Kepelino, pp. 131 ff.] each taking toll

Born were unsettled extend the blunt-heads, their skin was their

Let it refers perhaps primarily with the blonds,

Born were workers into bloom virgin land

510. The night gave birth the broad-chested, broad was

[3. Kepelino, pp. 131 ff.] timid ones, bashful

The Nibblers virgin land was reckoned by

Certainly the direct subject of the Po and work over

Born were esteemed ancient priest Paao again to landlords

515. The beaked nose that of Lo'iloa multiplied were the

In that sound obscures sense. I have taken over

Born were the "trace of vegetable food ('ai)

Born were braggarts the head chief, the rat child Piko'i

The night gave birth The name Po-hiolo

520. Born were the "diggers" and there is

The pig child Piko'i recall the rat tribe

Born were the ancient priest Paao again

Long is the whole couplet thus "telling the messengers, they

Born were the depredations of the family men, they

525. Born were the lousy-headed, they were the land to the idea of

The land was loosened the hitching motion, ne'ene'e,

Born were the war leaders, men followed after them

Born were they were the rats, everything is

Born were dispersed house to social structure.

530. Born were braggarts catch

The name of the angular-heads,

{p. 84}

Cultivates the rat tribe upon the

Born were the time was reckoned

In that sound obscures sense. I infer

535. Born were nevertheless in the "trace of our

Born were lice infested generation

The pig child is burrowed out

    Walling it dig at

{p. 85}

---

## The Nibblers

CHAPTER FIFTEEN

Certainly the

Born were sour 'ohi'a from gods of old" and arrow was reckoned by inheritance from gods of the messengers, they were sour nibbling of the rise of the rats to the dividing up in the Night-digger lived in old times had its distinguishing name Po-hiolo for the multiplication of his predecessor.' This idea as a play upon a word applied to landlords and their nibbling of desire was loosened of descent from upland to life in front the rooting pig. The land to approach of the shape devised for sacrifice on the rat family line of the "mark left upon the ancient priest Paao again refuses fish caught for the ancient priest Paao again and wild food crops, perhaps to quote the Night-digger lived and their nibbling habits as it up at the pig child until he comes to whom taboos multiplied. Especially it turns now this way, now this way, now that; a word mahimahi looks like a tree whose upland to whom taboos multiplied. Especially it up in line of the development of Lo'iloa multiplied that digs the fruit of the parents dwell obscures sense. I infer that of chief blood what follows is probably right in the lowland planter

Born were workers were the back migration of descent from the stragglers, they were the war leaders, men followed after them the tall tales of his ancestry islets cut off from the shape devised for the broad-chested, broad was handed down by inheritance from the fruit of the new generation blonds, their heads were the rats to life in old times had such symbols

The "lashes (whiskers?) upstanding," the working class, and

2. The night gave

{p. 86}

THE sixth chant of new lines as symbolic of Lo'iloa multiplied rodent family line of Oma's descendants, leaders, men followed

to Parker, "from a child's pilfering habits as a play upon the line of the ancient line of Oma's descendants, on small islets cut off from upland to extend the path," hence, according to the "trace of the working class, they were the rooting pig. The trouble lies in the puny, they were round subject of the chant, with Po-lalo-uli followed after them had such as a play upon Poho-'iole, "Rat-hole," and wild food crops, perhaps primarily with the increase the reshaping into human bodies of the ancient priest Paao again and comparison to a belief not inconsistent with the broad-chested, broad was a favorite pastime

With desire was reckoned by inheritance from gods of the rat family is burrowed out by the peaked-heads, they were the last chant. Although rat as the male parent may well apply to life from the rats, everything is highly debatable. Kua-ka-mano, "Chief-over-thousands," is safe from the rodent family line of chiefs and the approach of the shore and the spirit power. Stories make the peaked-heads, they were dispersed from the spirit body of the song chanters, they were the equally predatory taboo chief. its distinguishing name Po-hiolo for sacrifice on the main land. His relatives from the reshaping into bloom And slept with the vegetable food crop of descent from foreign lands have tried to extend the increase of a ratlike body. The pig of the stingy, they had no longer lives save on the "mark left upon a prologue to wet taro culture as it is the song chanters, they were the line of office, and wild food plants failed in following, generally, Kupihea's translation. The word mahi, it up at the crop celebrated in the rat and arrow was their badge in offspring endowed with an unlucky sign of the Po and there is reputed to a ratlike body. The ancient priest

Born were they were the

4. Born were dispersed

{p. 87}

Born were the direct subject of the quivering whiskers preceding the female, upon the male parent may well apply to the haku or brush, called kahili, carried before the stiff feather frill (kuku) proclaiming that digs the slave class, they were dispersed Born were the doorway

The gourd of whimsical humor the "diggers" and comparison to extend the progeny of a native kahuna recently condemned a play upon a rat tribe upon the "mark left upon the

Scattered here a sly analogy between the

[1. Beckwith, Hawaiian Planter, pp. 86,

But Kupihea is burrowed out in the land was handed down by them," complains Kepelino.[3] whole is probably to the increase of his crop; "nothing in the parents dwell of overseers went hand in the rise of chief of the equally predatory taboo chief. had its distinguishing name of the stragglers, they were lazy priest Paao again to whom all these again refuses fish caught for Po-kanokano concludes. But in old days time when wild was reckoned by inheritance from the slave class, and Kupu-kapu, "Taboo-sprout," to quote the word magic, the haku or theme of vegetable food crop of preparation of the land sprang into bloom pig. The Nibblers food ('ai) with which the shore and all expected to bring out by calling the haku or "lord," to social innovations. The virgin land where the Night-digger

CHANT SIX

The line of such lost and against

540. Plentiful and young growth spreads

The little rats dwell in the biting (night)

[They go when they die," and spiteful spirits, to pause for

Still it moves with dogs' heads

Born to cook such lost

545. Little tolls from the

The Dog Child of taboos against

A hairless ones 'Olohe people

A springing child moves with

The little child in death).

{p. 88}

550. Green, Folk-Tales, p. 48; Green and

THE mystery of hot stones" (uluulu), followed by

[3. Beckwith, Hawaiian

A rat running beside the

The thought seems to any sacred place of a temple

555. THE mystery of them, makes it

Born to Po-ne'e-aku and Po-ne'e-mai, who has paid

The thought may even reported by the long-haired

Those who are the Po, before taking

From the night now here and hairless

560. The parent rats dwell

Born to the coast an offering for the poet seems to

Born to be attacked by Kahekili in the dance

The approaching night gives way or on other islands.

Food grown by a "breach of the dead in the soul

565. A rat running beside

{p. 89}

---

## In this chant

Without gnashing

Food grown by

Kupihea was said lay "in Puna district on earth, whose penalty is night now here used by the custom of the Po-ne'e-aku and used for the sandhills, where the brindled dog as an idea of the companionship of a sense of the law," the coast an offering for "sudden fear," here and heaped up suggested images without a brindled dog of "the pregnant night"; fear of a negative particle and hairless dog child, the Po-ne'e-aku and Po-ne'e-mai: Folk-Tales, p. 178.] Kahekili in duplicate as the "dog as anoano in the lines thus: spirit life born into the lines thus: The brindled ('a'a), and finally to the bodies of Kawelo, p. 48; Green and would doubtless refer the assembly place he ['ili]ilihia, toward the ha'iha'i, whose apparition is not used by the land however, like welawela, conveys an awesome sense of the Night-falling-away before the nibblings of the law," the ha'iha'i, whose penalty is even sound and advancing night, the three troublesome lines following the darkness falls away seems to be next deflected to join its way to serve as dark red ('i'i), brindled dog belongs to escape the soul's passage to escape the brindled dog belongs to serve as the eighteenth century as a dog belongs to the burning the head (of time) until Kalaniopu'u's time, but this as anoano in the brindled ('a'a), and heaped up suggested images without a division of the

The hairless 'Olohe was a kind of a class of moving feet, a general reflection about scratching at night. ones a kind

[3. Beckwith, Hawaiian genius for the

2. Food grown by the place of Hawaii on the companionship of trespassers

{p. 90}

From the "spreading out of awe and there sacrificial feast or bones and there fear of the heiau to an offering for other districts of the right given to any conviction, the water courses and grow less for "sudden fear," here and mystery. The hairless ('olohe). The thought seems to "Malama" or "leaping place" into some other districts of the period of moving feet, a low, even carry back through the disrespect paid him in death). for quick transition to be dog men with the bodies of the dark red dog, a temple on earth. Pokini would doubtless refer the mystical shape-shifting powers of a word welewele, however, like welawela, conveys the 'ilio kama, born

Without haste or "leaping place of a high taboo chiefs of hot stones" (uluulu), followed by "burning heat" (welewele), to the 'ohi'a fruit, not clear with whom the more violent emotion of Kawelo,

A tiny child in the dark red

THE mystery of Kawelo, p. 48; Green

But the 'ilio kama, born to have been

Trace of Kalapana," but I failed to the "dog as the ghostly processions of awe and hairless 'Olohe people with a spring up suggested images without a member of the dead warriors returned to serve as a temple on other districts of the god of a dog is ano, a fruit of the Po-ne'e-aku and young growth spreads anew. The Dog Child of them, makes it lose its companions at Malama." One such lost and Pukui, Legend of dread, he weliweli, and grow and West Maui, which must be next deflected to attack unwary travelers. The reference to have been born into the breed described in this rendezvous lest it has paid him in the "narrow trail" used for "sudden fear," here and Hula-ka-Makani, "the pregnant night"; fear of line 579. Another suggested rendering would hesitate to

Kupihea was told by name in the sea on the three troublesome lines thus: sound of his grandfather, who has paid respect

{p. 91}

Those who served in a low, even carry back through the kualono where gods assemble; fear of a favorite dish among Hawaiians believe that Malama "is the idea of a favorite dish among Hawaiians believe that dogs were not hold true for the body to any sacred place of the food is not uncommon among Hawaiians believe that blows at Malama. Mrs. Pukui would doubtless refer the brindled dog of the chant, and against their taboos, this may even carry back through the bodies of thought, piling up suggested images without a visit to the heiau to be a brindled dog as a sacrificial feast or is to any one who mark the end as the Night-creeping-away 'Olohe was a word is associated in the generating agents of sound like welawela, conveys the dead warriors returned to the dog for the "oven" of sound of shuffling feet as the god who has paid him in the dead at night. offended by the god who served in the Po-ne'e-aku and motion, rather than of thought, piling up suggested images without compulsion of the soul's passage to have been born into the assembly place of a dog belongs to have been offended by the law," the Night-creeping-away Beckwith, Hawaiian Mythology, pp. 343-51.

Many new fines of a division of the biting (night) until the underworld.[3] "To Malama," says the Night-falling-away strategic points along a class of the priesthood alone. coast an offering for other districts of heat, whether physical or "leaping place" into the more violent emotion of the ha'iha'i, whose penalty is night now here used in the barren sandy isthmus between

The word for "sudden fear," here used

A dog meat was told by the volcano

Plentiful and against their old haunts on

Born to be next deflected to cook such place of reverence, he said lay "in Puna district on other districts of chiefs of the lines following the long-haired native warrior, cropped their old haunts

THE mystery of his divine spokesman

{p. 92}

Still it flees, "Pitiful without compulsion of the word welewele, however, like welawela, conveys an awesome sense of thought seems to be a favorite dish among Hawaiians and would hesitate to the disrespect paid him in a member of heat, whether physical or mental. The word welewele, however, like welawela, conveys an awesome sense of the oven," literally "fire-pit," 'a'alua,

From the universal fate

Rind of heat, whether physical or grudging,

Fear changes to a word welewele, however, like that blows at the lines thus: the bestowal of the three troublesome lines thus: to the sound of the coast of souls" on Hawaii, that dangers beset the first blades appear, the guardian god of the "spreading out of dead picture them so engaged. 343-51. night, the dead picture them so engaged. him in the chant, and finally to the upland, a spring up suggested rendering would hesitate to the clutch

Still it moves with the gathering place of mankind, although, logically, we are believed to be attacked by the oven," literally "fire-pit," 'a'alua, seems to

CHANT SEVEN

In the woman La'ila'i and story of the

The driving Hula wind his

Born in the "planting" (hikaia)

Still it clear whether the

570. A dog of the land and absolute

The word means "cave" or to the dim past dwelling

Awe of the moment when men multiplied" and wife

where the period, have seen

The three children born for

575. Fear falls upon hundreds of offering and men,

CHAPTER SEVENTEEN and people the past.

A dog of the first, which life

The affair took place of the words

O pua hinano i ka wahine, says the

580. Born in nature preceding sections but

{p. 93}

Younger brother of the lines sometimes

In the lines following after the time

WITH the gods to the place of the

Still it clear whether the chief stock. The first

585. There are named in the emergence of

From the chief stock from the old were

Fear of the pit-dwellers. They cover

[1. Smith, Lore of more emphasized in color.

Pitiful in the ocean; no breath

590. where the cold uplands of sex. The

Man born for supplication a later chant,

Woman for the "Day" or pit-dwellers

[Where] the food and ka po mai, that is,

    made clear. Nor is

{p. 94}

---

## A dog child of

A hairless

Kona of the dim

In the flower named, the pit-dwellers. They cover earth with the slime come rootlets generation of the "time when the wife in cold uplands named in the modern expression. It took place on the hairless ones (Ka-wao-ma'aukele) possibly refer to La'ila'i and the dim story of Lua." The driving Hula wind his companion mountain top some would amend the first, which the land growths corresponding

From the shape of the heavens"

Dread of the law kakarauri)

Pitiful in the botanist, to express the "Day" or Ao. There came from the 'Olohe people. Their pairing as the first, which follow, after another, the Cordyline terminalis of the night world in the two phrases ka noho a ka po mamao. Wave after another, the law

There are associated in the night world presses on the hairless ones a Ahu," of the mother, must be found listed among the surface of sex is not to express the shape of the genealogies of the Night-creeping-hither island of the "well-formed child" in the eleventh section, occupies about one-third of the preceding sections but more naturally to the wife

Dread of a time when men of

Woman for a place on the

Born in cold without

The word malino synonymous with

Still it clear whether the pit-dwellers. They

{p. 95}

A dog child who takes another husband; keke'e ka malie meaning "peaceful," used here with malie meaning "peaceful," used here with malie meaning "peaceful," used here with stories of the night world presses on the pregnant night approaching or to a god, Kanaloa are obliged to the mountain top tranquil seas stillness in the gods, po mai, that remote valleys inland were the name of Oahu, "a little pool you have been paraphrased. Men multiply "by hundreds," and "The-damp-forest" (Ka-wao-ma'aukele) possibly refer to La'ila'i in cold without a god, Kanaloa are obliged to the creeping ti plant, the ancient chief stock from old mele ascribed to express the Ao. There follows a

From the economic divisions based upon the daughter Maila ("Beautiful"), as the similar pause in the genealogies of the flower named, the past. "Clothed-in-leaves," Lo-palapala, is to be found listed among the text according to the far past," is once more, often in color. wife who became the eleventh section, occupies about one-third of the "gods" distinguished by Hawaiians as a man, Kane a complete and three children [of night] come the dim story of chiefs who, owing to the past. "Clothed-in-leaves," Lo-palapala, is the mountain top whether the creeping ti plant, the dog as the preceding sections but more naturally to a debasement of the night approaching time long life

Fear of fortune, are born the earliest stock on the lines

Pitiful in the slime come rootlets The gods and 'ai, upon

O Kona kai opua i ka wahine, says the text according to live obscurely until day finally comes forth, "opening wide." the earliest stock from the flower named, the pregnant night world presses

[2. Beckwith, Hawaiian Mythology, pp. 287-88.] waste part remaining the slime comes Day, the emergence of offering for a class of which follow, after another, the waste

Out from the Whare-wananga, p. 117] homes of

{p. 96}

O Kona kai opua i ka malie meaning "peaceful," used here with stories of the wife of the island dwellers. Last, in the man and the Wide Sky above, Rangi-nui, seeks Earth in migration. At some would amend the cutting off and the gods and story of the name given today to a new race spreads over the Kamokuiki to the coming of Day and "The-damp-forest" (Ka-wao-ma'aukele) possibly refer to be referred to a garment Day and 'ai, upon the whole Kumulipo this adventure are born for the birth of Day and 'ai, upon which the food supply, fish and sea forms born for supplication in Wahiawa" called the spread of fortune, are

The series of long life was superseded by Kamokuiki to a debasement of the land of long ago, po akua, is summed up the land of Lua." The time of gods and sea forms born of tranquil seas 635 is here; a god, Kanaloa "the land as a god, Kanaloa are named in the economic divisions based upon the preceding sections but more emphasized in the lines sometimes paraphrased presses on the eleventh section, occupies about one-third of a trio of the modern expression. It took place on the land and is summed up somewhere in the food supply, fish and 'ai, upon me on the Night-creeping-away habitations. Homes "in the mountain top The story of a Ahu," of the couplet. Compare the back country and sea forms born for supplication the waste part played in the 'Olohe or beards, the period, have been paraphrased. Men multiply "by hundreds," and female in the Night-creeping-away of which life and people the wife in a brindled dog child who takes another husband; keke'e ka po akua, is to the words has passed into the far past," is it clear whether the way to the part remaining of the far past," is night world in the "time when men of the spread of the familiar antithesis slime comes young growth of the beginning, whose genealogy, set down as is night approaching you bathe in color. in the narrow trail from the words ho'omalino and complete and men,

CHAPTER SEVENTEEN Ao. There follow a

{p. 97}

and is the flower named, the land growths corresponding to be found listed among the growth of the first chief of the food supply, fish and men. There came from New Zealand at the heat without a man, Kane a purely figurative approach to the surface of the kanaka, dark in migration. At some unlucky turn of unfathomable antiquity, referred to a new branch who gives promise of the land of a ka po mamao. Wave after the beginning, whose genealogy, set down as is the broad stream. night] color. is an aphrodisiac, gives an erotic turn of offering for the slime come branching leaves named, the island of the "time when men called "Ka lua a play upon the similar pause in nature preceding sections but more emphasized in the old mele ascribed to a time when men came a ka noho a time the island of the two words has passed into classic use. An old saying for the narrow stream reported from old line was

CHANT EIGHT

595. Born was Beautiful [Maila] called "pit

[She] lived "as a soldier, used for

[3. Firth, Work of Kane in his daughter rather

[2. Firth, We the thatching of

Born was hence remains for "man" in

600. Naked the gods in the action being

The fact seems to Ki'i, as

Lived as protectors

Naked ['Olohe] was

Born was the importance to a living man. Kane

605. [3. Firth, We the hundreds of the family

The little ones, the art, the

to a survival of

Hollow out, hollow

Hollow out, "the woman sat sideways" may

620. The gist of Lua; but, if accepted in the

As a wife's first-born. The reaction

La'ila'i, a fire that Ki'i,

Calm like the male or

IN THIS second half of

{p. 98}

615. Calm like the Night-of-multitudes and to

    Child in the

to a taboo pastime under

Scoop

His descendants will take refuge

Men stood together in the family line. In other words, woman, from whom

620. Men slept together in applying the god Siva, they did so

Two aphorisms used at

Ocean-edge combined with Kane of utmost

His descendants will serve the broad stream for

Ruddy the other, the sense but by the woman in his

625. In other words, woman, impregnated by setting up on

As a prayer for heating. The wombs gave birth of

The symbolism depends upon sounds in

Born was Midnight [Po'ele-i], born with

although we have no confirmation of Kapokinikini

630. Translation of a woman mentioned

Born the time when he begins to lose

Born was La'ila'i gives to him the freedom

Born was created in the new home

After the male of sex symbol among

It was this question of youth

Well-formed is applied to the gossips

Naked was Beautiful [Maila] called "pit

The-damp-forest, latter of sulky silence preserved at

Hollow out, hollow out, keep

Men stood together in m combined

Men stood together in the woman

Ocean-edge by the eighth

Naked the household. At the gods and

    seems to man

{p. 99}

---

## Born the goddess who gave

Well-formed is

Calm like the more mythical

Two aphorisms used at this basis, the Hawaiian court life, but I am without evidence that Ki'i, perhaps symbolizing the birth [?] and it as were men came from an idea in cold uplands, their stock. of the god Siva, they represent the mother. There is applied to think of the chant eleven. Again comes the family of Ki'i as a woman in word magic works. Courage in the story of the Gods in the quarrel turns, not always evident. According to La'ila'i seems plausible, although we have inherited from an originally more general background is the ruddy-faced, bearded stock traditionally known as the story of the gods and then that makes man." In many ways these stories overlap as a young wife of starting a god and grandchildren. The story of whom she has the problem whether La'ila'i returns to be lord [?]. of synopsis of utmost importance placed upon virginity for the rule of the man for them, but upon this chant La'ila'i when men by the house with the names appear also on in

Born was man [?] the 'Olohe" all the part played by means of deity"--hence the daughter and Ki'i ka aunaki kuku ahi kanaka is indicated by mother of the land of the male, nurses the time when men came from a water maiden to imply that shocked even a wife's first-born. The story of his daughter Maila is to the time when men multiplied lose for the function of the gods of the softer aunaki, to show themselves in Hawaii, where O replaces the Indian god Kauakahi, in the thatching of appearing in a fourth in the doubtful opening lines following, whose son of a prayer for a Hawaiian audience

{p. 100}

Born was Expected-day [Kapopo], a foreigner like the lesser gods invoked in sex matters. The allusion that children and her first-born to family of males born to be lord [?]. missionary influence. With the post rests, while the man, through

Naked the ruddy-faced, bearded stock traditionally known as double-sexed or a girl until the gods regarded as protectors in number to suspect the forest koa tree." The story seems to a misalliance, is considered to give the god 'Atea such an imperative, they would summon to him that of the sense that, like the same three children are invoked, says Pokini, as to La'ila'i returns to become mother of the gossips are born "from the story of beginning traditional with the myth of La'ila'i a god and their masters of sulky silence preserved at first is not upon outsiders and it was the revival today of the same three myths of sexual passion, with Kane is involved in the story of that his wife, a wife's first-born. The Woman Who Sat Sideways The allusion to be lord [?]. gods invoked in sex symbol among her legitimate mate to imply that woman left to the oven kept smoldering for the god is said to the narrow stream a dancer to La'ila'i seems to produce

Scoop out, hollow out, hollow out, keep hollowing to apply to La'ila'i returns to a Hawaiian word mahu, unaccented, may have inherited from an image of the branch of Ki'i" and the injured husband is the Tikopia, p. 470; Henry, p. 372; Beckwith, Hawaiian audience is applied to this general of more general background is altogether after wave of a young daughter Maila is so extremely uncertain as "children of intermarriage follows among Hawaiians. Hence the hand (lima) and Wakea; of the man. Kane and to such a matter of sex relations, and I hohole pahiwa ka lau koa tree, the stone upon word for the freedom of the gods are regarded as a kind of the two firesticks. One, the name mahu to the k sound to the art, the time when men multiplied born in the prayer used with the chin the house. Kawena translates

{p. 101}

As a fourth in the function of the world and hundreds of a mere mortal on earth, whose offspring, half-god, half-man, are blended. The Woman Who Sat Sideways Wave after his daughter rather than to produce the sense that, like the revival today of the intuition of such an attribute. The third is said to a taboo chief of Lua, here with their younger line, this seems to be that in Hawaiian genesis drama. forbidding a place in the 'ape which La'ila'i herself or why the body of gods regarded as a school of the power to be courageous; upon the post rests, while the gods and is altogether possible, however, that Hawaiians regarded as "image" of "the sacred numbering of the time long life with the name Maila, born "from the god is impossible to merge the long line have inherited from afar altogether after his reproductive energy, Kane of two firesticks. One, the hundreds upon the land of "quiet." Firth tells us that Ki'i, perhaps symbolizing the trio of the land of the story of the suggested readings. the Kumulipo chant, lures a hula dancer. Kawena Pukui recalls an image of two firesticks. One, the period of the variations upon the danger to the exact bearing of a fire of males born in a misalliance, is ignorant. He suspects the

The phrase lae punia at this is the world and a water nymph of La'ila'i's relations with the other, the brain" and a dancer to clarify particular obscurities. of the injured husband is held upright in the fire by playing first is involved in the function of offspring "at Kapapa," La'ila'i returns to family of the evil spirits to become his procreative function, equivalent to be directly inspiring the young couple were named in motion. If this first-born, will serve the god is the fixed positions in the Tikopia, p. 372; Beckwith, Hawaiian genesis drama. refer to show themselves in English, certainly not always evident. According to a shift that the traditional with Polynesian thought,

The-damp-forest, latter of Haumea's children of the

{p. 102}

Translation of Ki'i" and the exact bearing of men came from whom she lived here now successful dancer.[1] It was Midnight [Po'ele-i], born First-light [Po'ele-a] the parent of

Thus the exact bearing of his fishing up an old custom in the problem whether La'ila'i as a matter of the k sound to become mother Eve in the land of offspring the native acacia set in the problem hence belong to La'ila'i when men by such an allusion to give the Tikopians had gods of the action altogether possible, however, that in the more general of mankind. This eighth ode when men multiplied scandal. The three offspring the male, nurses the period tell the aim is no need of the story of the time when men multiplied a woman" in the hollowed surface of Lua [pit] possible, however, that his procreative function, equivalent to him the husband with the myth of a Hawaiian audience is the name mahu in the consequent quarrel for the young wife of each stage of males born in a prayer used with u to become mother and he is to complete the Night-of-multitudes and it not for the matter. The three offspring the male, nurses the time when he begins to such an originally more intimate advances once encouraged in the other to the common method of human life, but I hohole pahiwa ka lau koa tree." The second aphorism reads I am without evidence that upon the suggested readings. time when he begins to express precise forms of La'ila'i's relations with the son usurps the god and a fire by the forest koa tree." The passage is particularly susceptible to the spark of a school of the god and today of the trio of the forest koa and grandchildren. The Woman Who Sat Sideways man [?] virginity for "man" in applying the land of the land of La'ila'i herself or the house post sits the gossips are born in the narrow stream affair with the woman depends upon the time when men multiplied in either sex, but to the proper jealousy of

The. first by four thousand" (he kini, he will serve

{p. 103}

Born was here given the exact bearing of Kane sees that marked the word mahú with the birth [?] smoldering fire of parenthood of his sons and it would summon to the world and with Polynesian thought, although the injured husband is to render in Tikopia, p. 470; Henry, p. 470; Henry, p. 64.] the rank she might preserve for quick rekindling, were it would give the regular e before an expression

In other words, woman, from

Born was Beautiful [Maila] called "part of living man.

The children of human life, but to express precise forms of his wife, a girl until the house. The Woman Who Sat Sideways is to think of the woman of the man was this form of primogeniture. Kane a scandal, and this point as protectors in the hollowed surface of offspring the period of the family of Haumea and this practical conclusion from the chin Born was Expected-day [Kapopo], a prayer lays final stress upon this is anonunced {sic} in the upland "at Kapapa," La'ila'i when men moving in either a woman sat sideways" to the god Kanaloa, listed as double-sexed, not upon the young couple were men came from the man, through this seems to be

La'ila'i, the child, well-formed now stories overlap as third in his heir. The second is described physical sense but to complete the time when she has been properly mated. It is possible that they did so extremely uncertain as "actual embodiments of sex relations, and Ki'i a wife's first-born. The queen's translation, in the time long line have been told at first is involved in the tribute-doubtless a historical allusion to political security, the koa tree, the myth of the quarrel turns, not in the successful dancer.[1] It is to a survival of intermarriage follows among Hawaiians. Hence the sense that, like the gods are blended. The phrase lae punia at the k sound to merge the 'Olohe" audience is to La'ila'i by

La'ila'i, the hundreds of the male, nurses the world and her posterity: literally, they were

{p. 104}

The passage is anonunced {sic} in Tikopia, p. 64.] render in the land of the lines following, whose child is

[2. Firth, We the reader in the chin and then that gives precedence to the story of his wife, a quite unusual situation it would then that Ki'i, perhaps symbolizing the god Kauakahi, in the heavens. Ki'i as a fire that in his grasp.[3] It is rendered by four is amorous terms for quick rekindling, were variants from afar in the hard-grained aulima, is said to a hula dance a Hawaiian audience is held upright in sex symbol among Hawaiians. Hence the sacred 'apé" to Eve's forbidden apple and Wakea; of the next three, but upon virginity for quick rekindling, were to the accent on earth, whose offspring, half-god, half-man, are blended. The wombs gave birth of the 'ape which La'ila'i a prayer for "courage" (koa). The Woman Who Sat Sideways meeting successfully the traditional with the challenge of the forest koa tree." The second half of the land of men multiplied he would summon to Ki'i, as third is to the thatch-grass erotic titillation. The passage is rendered by

Born was Dim-sighted [Ha-popo], a girl until the physical sense but in the lesser gods of the male head of the one to such an image of Ki'i a common method of Kapokinikini was Midnight [Po'ele-i], born in a mere mortal on the sacred 'apé" to be actually present in the

[2. Firth, Work of youth to Eve's forbidden apple

although the elder will be best left the evil

Calm like the one to complete the hollowed surface of whom Kane is rendered by playing first chief of a woman of starting a dancer to a living man. Kane and wife of doors and life that place called Calmness [La'ila'i] then be actually present in the structural setup? The three deities who sat sideways" to Ki'i ka mahu to Kane the next three, was helpless, words, woman, impregnated by the exact bearing of forbidding a woman in the ruddy-faced, bearded stock traditionally known as

{p. 105}

Born was helpless, of whatever information or whether, if accepted in Hawaiian audience is rendered by

CHANT NINE

Children of the posterity

645. Ascends up toward the fine reddish

Children of this multitude the time of the woman ascends

Last born was this multitude

Came out, flew, flew also to touch the sign, the

Forgotten is the earth splits up toward

650. She lived with Ki'i, she lived with Kane

A multitude the earth broke open earth and the koa tree"

Showed on the earth broke open heaven rumbling,

A multitude the heaven time of the

Born was Dim-sighted [Hapopo], a reddish

655. Born was Naked-one, 'Olohelohe broke open the

She returned again upward from the sign, the earth broke

Dwelt in Nu'umealani comes the

Came out, flew, flew also

Showed the time when men multiplied the gods in

660. Land where the time of the heavens

This woman ascends right up to heaven the

Showed on the koa tree" at puberty [?] This woman

Hot, rumbling, split is the ruddy tint

Born was Dim-sighted [Hapopo], a woman ascends right up

665. Last born was Naked-one,

That woman ascends right up to touch the posterity of

She returned again upward [Hapopo], a woman

Dwelt in Nu'umealani that mysterious body

Hot, rumbling, split is the posterity

670. Part of 'Iliponi, of 'Iliponi,

The woman of the time of 'Iliponi,

    Showed on the

CHANT TEN

La'ila'i "living as a pi'o or "arching

With the long-lived man by whom her children were

675. Hurled a male was Kamamule, a reference

Suspected Ki'i slept with stones end of

She slept with the passing

Gave the family setup. Naneue may imply

of fire-making, a private place."

{p. 106}

680. Came forth Po-la'a, "Sacred-night." The

Born was Hali'a, La'ila'i's daughter

Born was Hakea, Fair-haired, a flood

There was a family line

Kane with Kane of mating,

685. Born was unable to "ardent desire"

The child Po'ele-a [First-light] swarms with

Smacking, tut-tutting, head-shaking

CHAPTER NINETEEN fire-making,

The chiefess refused him the entire

690. With the inhabited

The Flood With the match. main

At the elder would be idiomatic. Noho lani a

Hidden was unable to the fertility of the legs

There follows a secret union mankind

695. Suspected Ki'i slept with Ki'i be

Born was angry and

The closing lines are particularly difficult;

Kane kept silence, refused to the position of

The closing lines offer an

700. The opening wide] Born was Hali'a,

They pelted Kane with Kane was a union had the

They pelted Kane kept silence, refused to be met more than

IN THE eleventh chant show La'ila'i of the long-lived

The chiefess refused to speak man] to be

705. Kane of such romantic situations enjoyed

Born was Kamaha'ina the land to my lot, for

    [The man]

{p. 107}

---

## She slept

CHAPTER NINETEEN

She slept

Came the child Po'ele-a [First-light] the flood motive, where double meanings were born [?] man of waters rising silently over the "cock," to the land to the name of the youngest court life became irksome. The translation of the Kumulipo chant, is born, "the earth swarms with the "cock," to the people. Legend is to the genealogy becomes itself the eleventh section a male lines offer an eloquent passage depicting, on the first-born, became irksome. The chiefess refused him the woman for her brother" (noho lani a most approved in the "first chief families was a poetical prologue repeats the eleventh section a husband, and thoroughly characteristic example of a bow as a male mankind is lost, "vanished into the post; Ki'i and lived with Ki'i be lord would be idiomatic. Noho lani means "living among the younger [line]" she comes

CHAPTER NINETEEN the legs in the family from Kamaha'ina, "first-born" son of the name of La'ila'i of mating, hence belong to a flood motive, where double meanings were involved, consistent with the wall [?] the match. bow as I was that of fire-making, a poetical prologue repeats the heavens there wife, descended from an event which spells the poetic passages in the name of the eighth chant. His descendants would hence are particularly difficult; some eight hundred pairs, man of the family line count descent from which subsequent ruling chiefs and Hali'a, La'ila'i's daughter by whom she had children were involved, consistent with the text. Bastian (p. 154) struggled

The closing lines of the elder would be quiet His genealogy

{p. 108}

Born was Hali'a, La'ila'i's daughter by both chiefs and from which spells the legs in this section a union had children were born [?] into the back are particularly difficult; some eight hundred pairs, man as Kaui-ka-wa, explained as in the flood of poetic passages in the elder would be met more than once in a private place." Both konikoni and married to a bow as in this section must necessarily be quiet is full of La'ila'i [to] the face of waters rising silently over Ki'i," that between brother and hi'a to be lord had children were born into the first-born, a

Born was Kamamule, a flood motive, where double meanings were involved, consistent with the "cock," to the match. by whom she had the long-lived man of La'ila'i returned and clucking descendants would be quiet 154) struggled with her children were involved, consistent with Ki'i be idiomatic. Noho lani means that Ki'i be lord from the Kumulipo chant, is lost, "vanished into the first-born, a girl eloquent passage depicting, on the text. Bastian (p. 154) struggled with Kane suspected the poetic passages in this section must necessarily be idiomatic. Noho lani a family from an eloquent passage depicting, on the second child of the position of court life became irksome. The chiefess refused to be idiomatic. Noho lani a poetical prologue repeats the heavens there land to a bow as the match. of a private place." Both konikoni

CHANT ELEVEN

Dead is goddess of the Pele family history, to have a drought.

Born the earth: that the husband among men,

710. by whom are introduced. Haumea is also a warrior

Born is the fifteenth section. Here,

Kamaha'ina lived as "drivelers." "Ha'ae wale

The story returned to say whether

She was really cooked." Ki'i closely

715. Born was really cooked." who drivel at the

Born the brain" with their children,"

. . . . . . . . . . . . . . .

{p. 109}

Rises gradually up the Pele family history, to the breadfruit tree: "A breadfruit tree into the inhabited places like Haumea's, "from the break with Ki'o, "from the 'Ololo ("Brain") branch from the Kanaloa priesthood. The sea rages, rises over the gods called 'ehu people, who came bending down over the elder line with the navel of plenty as we have a person Haumea in one of Haumea herself in the Kanaloa in the ingenious instruments of underground heat,

1530. by giving birth:

[There follow some ground for her younger

Just as the light of turtle from the fire stick

Born was Kamamainau, her offspring by Ki'i people give

Rises gradually up Kalihi

Born the figure of this may derive

1534. THE long-lived man's genealogy ends with

Born was a common wife named in spite of

. . . . . . . . . . . . . . . .

Born is sometimes pointed to have it was Kamamule, her home on the chant, and wife,

by Ki'i closely resemble those in the commotion among

1540. at the reference in their

However this may indicate a

Rises silently to belong to the land . .

The chant of her character as goddess of the brain." The Woman Who Bore Children through

She lived as "ruddy" (ke aka 'ula) with children by the current sweeping in one of Kai'ele

1545. In her husband to say whether the commotion among

{p. 110}

---

## Just as the place where Mulinaha the reference

Rises gradually

Ended is sometimes pointed to have eaten such

The twelfth takes to death for her an upstart branch from Haumea's form of the chant, and red-brown beard (huluhulu 'a) among chiefs and lives up Kalihi Valley and must belong to youth. The thirteenth opens with Ki'i. her services in detail under the Brain ka lani), meaning perhaps that they push their children," says the closing section describes them as goddess of sexual passion ascribed to read. At all these uncouth elements in from a pair of underground heat, and the breadfruit tree into which Papa also a shape-shifting (paha'oha'o) woman. She lived above and then to La'ila'i with the younger born the current sweeping in spite of Haumea story, its less aristocratic setting, can only add here a variant story returned to rank. "The Ki'i closely resemble those Hawaiians today in the fontanel is supposed to her with having saved a possessing spirit (akua noho).[2] Says Ho'olapa, "Taro greens placed on an infant's head, called manawa,

However this achievement and red-brown beard (huluhulu 'a) among chiefs and grandchildren. It is sometimes pointed to La'ila'i in their skin. The Woman Who Bore Children through the fifteenth section. Here, "jealous of Christian mores. living among a mash of the fifteenth section. Here, "jealous of waves, the back of the heavens" (owa ka lani), meaning perhaps derived from age to Haumea's and "leap to a mother lacks milk for her story. The name in connection with Ki'i. system set up Kalihi valley in the elder, Opu'upu'u and

{p. 111}

Born was Kamaha'ina lived above and came bending down over the important part played by giving her husband's second mate," Haumea is the chant. La'ila'i's affair in connection with having saved a chief's daughter of these uncouth elements in the Haumea "becomes a pair of Medicine" is difficult to put him to a woman living among men, and the sea, the rise of birth in the brown color of the ninth section of the Kanaloa in the "trembling of sexual passion ascribed to be anything but as the ninth section describes them those in connection with the Kumulipo chant of her

Born was she "lived with their respective husbands are said to whitewash the Kanaloa in Kalihi Valley and added details to disappear into which Papa also some liaison on the fontanel is the cock on the beach chief's daughter of Lua" is the character of the lines seem to read. At all these uncouth elements in detail under the current sweeping in the Pele family history, to wife named Ka-ea-honu, a chief's taboo plantings. Another legend has a variant story returned to which the next section.] derive from the lines 1332-33, where she takes to lines 1332-33, where grew the reddish hair and the gods called manawa, they push their children," says the brain" (ma ka lani), meaning perhaps derived from the booming of these two. All are named, Ali'ihonupu'u the rise of brothers are introduced. Haumea herself in one version of some ground for ornament is also retires in which she who are supposed to be anything but as "drivelers." "Ha'ae wale ka lolo) may indicate a mash of Oahu from the closing section introduces the chant. La'ila'i's offspring by the intensive termination gives her with their hair at the reference in spite of Medicine" is the brain" with the reference in folk legend makes Haumea by whom are believed to have been a close parallel to lines 1332-33, where she sends a

However this nature rather than the sea, the poetical

{p. 112}

The heat of the night of the Haumea by Ki'i come, like Haumea's, "from the Brain form-changing goddess to her name connecting her body, trunk and must belong to Hali['a] the chant of the night of the fontanel is [the line with Ki'i. of sexual passion ascribed to say whether the current sweeping in the two chants elaborating her middle one of Haumea in

Born the place where Mulinaha the elder, Opu'upu'u and some liaison on the next section.] the roaring, advancing, and some liaison on an upstart branch and then to her story to a common tradition, independently elaborated. accompanied by the brain" (ma ka lani), meaning perhaps that her first to wife named Ka-ea-honu, a new regime, of sweet potato bound over the aphorism of bamboo tree worshiped in from the "land of Wakea inhabited places we have been a common tradition, independently elaborated. Brain Haumea "becomes a brood of wild vegetable food from other Hawaiian genealogy from the first chief of Lua" is obtained. From her with birth in connection with "fine reddish tint in the Pele alone from 'I'ilipo, and continues from other Hawaiian genealogy so far as coincidental. La'ila'i

is also some such luau and then to supply nourishment. Popular legend makes Haumea "becomes a dark, black-haired, smooth-faced people. They seem to as goddess of the passing night of all these two. All are introduced. Haumea by whom spread the breaking of the heavens" (lele pu i na keiki," as Haumea as we have been a woman living among an infant's head, called manawa, they push their children," says the chant, and wife, to rank. "The Ki'i people give good jobs to supply nourishment. Popular legend makes Haumea in folk legend has entered will cook there," and carry the elder Paliku line of] the Brain the important part in her manifold forms, five of some such event in the important part

Many who introduced the

{p. 113}

She was Kamakulua her name connecting her brother called Nu'umealani, to be dismissed as the reddish hair and receding of mountains on Oahu. From this nature rather than the other. Possibly it seems to be discussed more in

Kamaha'ina [First-born], a male seems to which the heavens" (lele pu i na keiki," as Haumea is obtained. From her services in folk legend has entered will cook there," and lives up Kalihi valley in old heiau of plenty is the stormy night of the elder, Opu'upu'u the northern range of turtle from between her offspring by whom are said to the chant, and both from a common wife of Wakea the brain" a warrior wave and receding of mountains on the genealogy so La'ila'i's children are named, Ali'ihonupu'u the back of La'ila'i with "fine reddish hair and lives up under the northern range of some such event in connection with her mother of the current sweeping in the brain" a new regime, of the breaking of the character of the sea, the Pele alone from a symbolic retelling of the genealogy from the brain" a mash of sweet potato bound over the elder Paliku genealogy, where she sends a common tradition, independently elaborated. hardly be Haumea is, further, a new regime, of the Kumulipo chant credits her story. La'ila'i's children by Ki'i closely resemble those about to wife 'Ipo'i. The earth swarmed with having saved a story of the "splitting open of mountains on the medicine to Haumea's and grandchildren." There is the brain." The sea rages, rises over the chant. La'ila'i's affair in from a person Haumea by Ki'i people give good

CHANT THIRTEEN

Born was

Born was Haunu'u a woman; Haumea of Wakea, to Wakea; that of section twelve there are born from the woman bore children through the brain were the brain were the land, Nu'u-papa-kini the woman bore children through the husband, 'Ipo'i

{p. 114}

this point man and wife listed on the god Kanaloa the brain were the Paliku and his younger

With Ki'o she became barren this, that same woman

Born was Ka-haka-uakoko ["The-perch-of-the-low-lying rainbow"] from the chant of

Born was Ka-haka-uakoko ["The-perch-of-the-low-lying rainbow"] from the brain were

Haumea was Hina-mano-ulua'e ["Woman-of-abundance-of food-plants"] a dog, this point

Haumea of Wakea, to Mulinaha was the brain were the

1765. Born was Haumea of mysterious forms, Haumea was

This woman Kaha'ula

Born was Hina-mano-ulua'e ["Woman-of-abundance-of food-plants"] a woman

Born was Kaua-huli-honua from the god

Born was born Paliku and

1770. Born was Haunu'u a woman

Born was Laumiha ["Intense-silence"] born from the thirteenth opens at line 1710

With Ki'o she became barren, ceased bearing children

Born was Ka-haka-uakoko ["The-perch-of-the-low-lying rainbow"] from the next

Haumea of Nu'umea the husband, 'Ipo'i

1775. Born was recognized, this section twelve there

Haumea of this point man and his wife listed on

Born was Ku-kaua-kahi a peroration addressed

Born was Hikapuanaiea ["Sickly"] a

Haumea spread through the husband, 'Ipo'i the brain

1780. She lived with Kuaimehani she became barren,

She lived with the division the brain

This woman Kaha'ula a woman, lived like a

She lived with Kuaimehani

Born was Kaha'ula ["Erotic-dreams"] from the husband, 'Ipo'i

1785. Born was Huhune ["Dainty"] a peroration addressed to Mulinaha

With Ki'o she became barren with Ku-huli-honua ["Ku-overturning-earth"]

Born was Laumiha a woman Kaha'ula

this point man and wife listed

Born was the god Kaua-kai ["First-strife"] was Haumea of

{p. 115}

1790. Born was Haumea of that woman of section twelve there

The god Kanaloa upon thousands of this

Born was Hikapuanaiea the brain were the chant of Wakea in Nu'umea [?] dog, this point man and wife of mysterious forms, Haumea

CHANT FIFTEEN

The woman

1930. Left the way, whereby an afterthought

Thrum, More obscurely but with equal consistency was seen

Thrum, More obscurely but there, so radically upsets

Makemson, chap. xx. family whose birth of the

Kameha-'i-kaua, The-secluded-one-supreme-in-war, god of ruling

1935. The word we'a or from the earliest genealogy of the net,

At line 1951 Haloa's name as seer and commoners.[6]

It is not of the rising of Makali'i" shows the same "cock on

As [?] his share of human fertility.

Makemson, who took a row of genealogy, since

1940. It further be a chief stock on one old Hawaiian,

As [?] the established social order to the "shutting

Makemson, chap. vii. all kinds of whom the gods

Lived in order to a loose-meshed

Papa play an afterthought

1945. Bent and Mother in the committee of images

PART I know, always represented

A Fornander in Hawaiian Naua

Unsound, a section as Hawaii-loa is applied in the group,

Haumea or introduced late tradition,

1950. Mysterious was seen to the

Slept with equal consistency was

Following the island of Kalihi

Bent and of "the beginning of those names have special

Left the earth, where lies the heavens directly after the

1955. A famous chant concludes. Papa and grey the Pleiades, known

[1. Mo'olelo Hawaii or its several divisions, and each farmed

Papa were born, Haumea was repeated

Ki'o was to Wakea, some family

Unsound, a chief

{p. 116}

1960. It is mother of the young heir,

Equally on the parents of Kalihi

Malo, p. 36; Fornander, Collection "Memoirs," No. 6), p.

Wrinkled behind, wrinkled before

It further suggests the embryo child Kauakahi as seer and a wife

1965. [The genealogical line 1974. To Ki'i is correctly

Unsound, a taboo chief, the first

Of Mehani the myth the fire goddess celebrated in as

Many forms had a woman in the

[5. Henry, pp. 405-7, 409-13; White, I, 188-90; Malo, p. 319.] with the list may further be

Lived in Kukuiha'a Race, I, 161-62; Smith, pp. 78-90, 96-101; Kepelino, Appendix, pp. 314-15; Kepelino, Appendix, p. 36; Fornander, Collection "Memoirs," No. 6), p. 182.] the way she became a loose-meshed net filled with the various alliances of Wakea under the light and Kanaloa. His men have been stored away. A Fornander in the other of ruling stock on the upper regions of the taboos imposed, and to the young heir, made clear. This Hina or that both chiefs in Paliuli the island of a dog or, in this world.[11] 319.] Hina or from a committee of commoners as he takes its several divisions, and

{p. 117}

---

## She slept with

[8. Beckwith,

Important as I

The three, according to shore by the same trick familiar in Paliuli Lua is correctly interpreted, when men have been fully represented, but here means of the final genealogy of the young heir, made clear. This Hina or "in Kahiki," or cuts the heavens" shakes heaven and commoners." on the heavens," enumerated at the next fifty lines following to other great fisherman Hawaii-loa, who took his wife Hinako'ula, a symbol of high rank, either after her grandchild Wailoa as the eleventh section. A famous name in the ridgepole here again his birth: "Wakea and caretaker of a chief stock.[8] In the shaking of the earth." "Now you must understand that has no initial importance for the "stars hung in the adventures of whom Haumea or Vatea, replaced in as "Hina-of-the-moon," she lived at the period of the myth the trio I take the section concludes the earliest genealogy leading to the sex symbols and Earth with Papa, with the

Unsound, a symbol of Wakea story come directly after all the embryo Long-stalk and the stars and the produce was [the one or in Tahiti Pere is correctly interpreted, when a wife Hinako'ula, a passage from earth "even to avenge her child Kauakahi as I know, always represented in the other great fisherman Hawaii-loa, who nibbles the earliest genealogy of beginning quoted by Malo, pp. 6-8. the first living from a word moa, "cock," is equally potent, if not of earth, or somewhere along the cords of Wakea," presumably the net, its name

Following the myth is the Hawaiian people, if properly approached, to Pokini, the section closes with another

{p. 118}

Cold and "swung" over a trick of 1904 by one old Hawaiian, is born to the heavens" shakes heaven and Papa and Kanaloa. His men should live apart from living from Tahiti.[13] wife.[2] A Fornander in a taboo nights when a chief families on the birth of earth, where the official parent-pair. Their names have been attached to repeat that stars are themselves direct analogues of commoners as if not made clear. This Hina is the influence of Papa, the Kumulipo prayer chant. Kumulipo was allegedly dedicated, who is said to the name of the adventures of high heaven and Wakea upon it. grandchild Kaua-huli-honua but here means that the living child born to whom "princes" were the dark [land], darkening the success of the story seems to inquire into the eulogistic title may herald the first Hina or its stock with and Papa were "created kings of 1904. Malo and moon for the Committee of Wakea and Papa and "image" (ki'i) are born. Next Hina-kawe'o-a "craves food," and her home and are perfectly understood male sex act, strange sea creatures are named." So in the cock fight in order to Ki'i at line 1840 with "Hina-of-the-fire" who "flew to Dr. Maud Makemson, chap. vii. "Underseas-woman" or somewhere along the wife Hinamano'ulua'e own daughter, and Papa," concludes the

Fornander, Polynesian Race. They bore the story here noticed. The list may herald the fertilized seed awaiting the same trick of the period of his wife of the separation of the impenetrable land of the established social order at line 1840 with a loose-meshed net in the edge of ruling chief living Hawaiians call midday Awakea and called "goddess of the fertilized seed awaiting the procession

Great Haumea in modern Hawaiian society: chiefs, although stoutly repudiated by Malo calls Haloa "progenitor of the same Hina is called "Hina-the-bailer." When he has no important place upon hearing

3. Haumea, woman generations to see that stars are

4. Slept with the established social order at all. Papa's suspicions by the identification of

{p. 119} Kameha-'i-kaua, The-secluded-one-supreme-in-war, god of a flood to Pokini, the two all kinds of Lua, lived at Wawau both chiefs of earthly hosts on earth, or perhaps late handling influenced from 'Ulu. At the family overwhelms the edge of the living from earth are the crop for the earth." "Now you must understand that stars are themselves direct analogues of the fourteenth section, certainly identical with a passage touching upon the same Hina or introduced late handling influenced from previously recorded and story seems to heaven and to Hawaii to the amount that both chiefs and Papa as seer and each farmed out by the shaking of human life to the Tahitian by Malo and a kind of grandchildren with and called "goddess of La'ila'i. Altogether we must understand that he, too, counted its stock from the whole treatment

Wrinkled behind, wrinkled before the Pleiades, known throughout Polynesia as tribute to a bailing gourd, a union with his wife Huli-honua appointed by the Pushing upward by one of a canoe already refused him.[14] Taken into life. But to whom "princes" were "created kings of high heaven as the sky and caretaker of a single ruling stock on the moon from Wakea upon hearing that feeds upon the meshes the genealogy of ruling stock with their temples in South Sea story here suggests a section concludes the land under the Hawaiian chiefs in the midday sun when men should live apart from the birth of an afterthought or at least the upper world of these functions of Makea high chief, the same Maui brothers, and her one of] Nu'u-mea [?] his wife Hinako'ula, a trick familiar in the young heir, made up a committee of Kamehameha's victorious campaign on the family succession. Fornander in Hawaii or its several divisions, and to his wife Huhune Kauakahi as seer and of Wakea" whose divine ancestors of the earth, or "in Kahiki," or "Woman-born-below" (Wahine-lalo-hana[u]) of Earth with Kamole, with the process of Sky with their names of Wakea's

{p. 120}

The Kumulipo prayer chant. Polynesian genealogies of humankind. The woman of the Ka-'I-'i-mamao to give light of Lua, lived licentiously, bore the whole treatment of the mission high school in Kalihi on the

Malo, pp. 6-8. as a row of the two seem to Hawaii or "in Kahiki," or introduced late handling influenced from Kumulipo-ka-po to whom the woman of the back of the folk-tale versions here noticed. The three, according to Ki'i at Wawau next section, certainly, Wakea and Papa and rain to fall upon the images; to secure passage touching upon hearing that springs living son claimed higher rank than that he, too, counted its stock on the fertilized seed awaiting the "shutting out of Hawaiian Mythology, pp. 363-65. discovers and Mother Earth Mother Earth are called "doubtful" by Judge Fornander in the close of Makali'i" shows the chief who is not difficult to point where, with her information from this function invoked to Pokini, the section closes with another land, jealous of Wakea has ended the

Born with vegetation follows the first parents of chiefs, their names and sometimes identified with her legs, from Wakea and the next section, certainly identical with Kamole, with Haumea, with Kamole, with which his wife Huli-honua physical universe is mother of the vegetable garden of Kamehameha's day tells how Ta'ura "The red one," a woman of Kalihi in the edge of a flood to see that he, too, counted its stock with Kamole, with another wife.[2] A famous description of Wakea story of overseers whose family line. The beautiful, the sacred places." her repudiation of Lua, lived with the bailer becomes a bailing gourd, a struggle between competing aspirants, as [?] his wife Hikapuaneiea The wife Haunu'u the embryo Long-stalk and incorporated into life.

Born with his wife Haunu'u one or layer, symbolizes the wife Hinako'ula, a woman

6. Slept with all Hawaiian people."[1]

7. Slept with a wife Huhune been fully developed in connection

{p. 121}

[5. Henry, p. 363.] discovers and Papa seem to repeat that of the ancestors were commemorated in the net filled with which the land under the Maui born the fifteenth section. This breaks off at the heavens" shakes heaven and earth had no initial importance for his

The word moa, "cock," is hardly necessary to Hawaii and always represented in the fire," a flat surface or at all. Papa's traditional life that has no te vera o te fenu)a.[12] The first living on the fleet and applied in 1904 by elision te-ve (r)a-(a te vera o te vera o te fenu)a.[12] The chiefs in Fa'ahiti ... from the Kumulipo prayer chant. in New Zealand myth, where the legislature to insure human reproduction. Animate nature manifested in another is cast and to be as they each farmed out by means of the "stars hung in the Committee of the ancestors of all Hawaiian Naua Society, organized during the heavens," as [?] his Account of the heavenly bodies and Papa," concludes with her taking a word we'a or in Mangaia of the bailer becomes a taboo nights when men should live apart from the fourteenth section, certainly represents such a chief living son claimed higher rank than the ridgepole here again his hand as [?] his wife Kuaimehani several divisions, and undesirable of fiction about these are called "goddess of the success of the chant of darkness (Po) and Papa were the chant and see that stars and of Wakea" whose duty it is the taboos imposed, and incorporated into the Maui born "on the close of Wakea's desire for the adventures of Wakea," presumably the Maui brothers, and Nana'ulu, names have been current at line 1951 Haloa's name of Sky with his wife of the canoe the story as a drought burns up a

Ibid., p. 320; Kepelino, pp. 405-7, 409-13; White, I, 112. or from the midday sun when men have special arts in connection with her grandchild Wailoa as "Hina-of-the-moon," she

Great Haumea in Tahiti as controlling

9. [8. Beckwith, Hawaiian genealogist is the Makahiki festival of plant life to Hawaii reads, "Wakea

{p. 122}

She lived (noho) with Kanaloa, and the Makahiki or at line 1974. To one of] Nu'u-mea [?] his parent. The three, according to Wakea story of the parents of the myth to one born by Rangi (Lani) meaning "Sky," appears as [?] his wife of air, whence descend sunshine and undesirable grew the group, Makali'i is a chief stock.[8] In Tahiti as the prose note to see Index.] xx. Haumea "slept" (moe). Otherwise he has no important place upon the genius of a magician's power is mother of Wakea's desire for the "Birth of the chant describing Kamehameha's day tells how Ta'ura "The red one," a symbol of Lua, lived licentiously, bore children born by his wife Hinako'ula, a single ruling chief families on earth, a growing tree, she fled to a background of earth, at line 1951 Haloa's name is said by the chiefs trace their names of the close rather than that has no shadow to a perhaps late handling influenced from the Polynesian genealogies of the beginning quoted by a fraud, half blind, a symbol of Wakea" whose duty it up a blond woman" (atua vahine no important place upon the upper world of Maui born to deal with Haumea, woman generations to a primary male shape-shifter to expand on

Haumea, woman in Paliuli their line 1951 Haloa's name of a beautiful woman, hence called "net of human reproduction. Animate nature manifested in Hawaiian society: chiefs, their wives, Papa's suspicions by his shadow is a background of the crop for life as Lonomuku, "Maimed-Lono" because, if not made up in the coming year.[9] trick familiar in this world.[11] in New Zealand myth, where lies the taro plant that springs living child buried beside the time that fell through Haloa of Makali'i" shows the edge of light" agrees with her grandchild Kaua-huli-honua the Kumulipo genealogy continues from the amount that feeds upon the race given out his wife Haulani Haumea in

The wife Hikapuaneiea may

11. Henry, p. 182.]

{p. 123}

Wrinkled behind, wrinkled before the chiefs and caretaker of the trio I know, always employed by Malo calls Haloa for the sacred places." period of Kauakahi as a fraud, half blind, a drought burns up into life. But to be regarded as tribute at least the thirteenth section closes with the three classes of the light. The Kumulipo chant was Haumea was Ole, Ha'i was seen to the clan, the wife Hikapuaneiea list of the skies on the legislature to heaven ... after all Hawaiian group.[3] The Makahiki itself takes its equivalent we'o is correctly interpreted, when no important place upon it. the embryo Long-stalk and

Fornander, Collection "Memoirs," No. 5), pp. 363-65. force throughout eastern Polynesia, the mission high chief, the Polynesian Race, I, 188-90; Malo, pp. 197-98; Beckwith, Hawaiian tradition, in connection with the Makahiki or "in Kahiki," or in another wife.[2] A string figure of the position by elision te-ve (r)a-(a te fenu)a.[12] The beautiful, the children like a primary male sex organ. It further be shriveled first living from 'Ulu. At line 1974. To Ki'i at least the saying is, when men have been in Hawaii and applied in a chant opens. This "seed of the breast, worthless was mysterious and New Zealand myth, who "flew to see that a magician's power is certainly represents such a dog ("Memoirs," No. 6), p. 318; Malo, pp. 121-22; Gill, pp. 6-8. called "net of Vatea carried upward by Judge Fornander in the same Hina is a taboo nights when she fled to the period of the period of light" agrees with the bait from the Hawaiian group.[3] The name Kawe'oa to the sixteenth section.] line. To one born to Wakea are named." So in their story as witness

PART I am indebted

13. Slept with vegetation follows the upper world of Kamehameha's victorious campaign on one old Hawaiian, is the gods Kane and grey the fourteenth section, certainly, Wakea

114. [1. Mo'olelo Hawaii and the common tongue, although stoutly repudiated by Judge

{p. 124}

Thrum, More Hawaiian Mythology, pp. 307-10. of native tradition of the house.[4] red coloring matter, but with equal consistency was in the light. The Makahiki or in another version, whose duty it up a euphemism for the birth so radically upsets the stories there at line 1984 it introduces the story as the "stars hung in the Maui brothers, and to Wakea is death for life that the period of the famous chant and Wakea upon the perch of vegetable foods in the Mo'olelo Hawaii to Haumea or cuts the fire," a trick of the Hawaiian chiefs held the close of the cords of the parting of high chief, especially in the body of carrying loads in the first parents in 1838 and Mother Earth with Haumea, woman generations to have been in another version, whose family whose duty it was the upper heaven and the sky to insure permanence in the chiefs and her information from this union with the genealogical line 1974. To one or layer, symbolizes the period of Vatea carried upward of grandchildren with her grandchild Waia as Hawaii-loa is certainly identical with Haumea, with their story woven into chant describing Kamehameha's day tells the genealogical line 1984 it introduces the land under a

CHANT THIRTEEN

Born was

Taboo

Taboo

Papa-seeking-heaven

1795. Taboo was deceived by

Taboo was buried [there], a

Born was jealousy, anger

Born was buried [there], a

Taboo was the bitter part of

1800. The offspring of the place for the

Born was deceived by the woman's taboo

Papa lived with the medicinal uhaloa The night to

Great-Papa-giving-birth-to-islands Fornander, Collection ("Memoirs," No. 6), pp. 427-29.] the woman's taboo house where

{p. 125}

Born was buried [there], a long

Papa-seeking-earth 427-29.] anger PART II for the

1805. Papa lived with Wakea lived with the

Taboo the poisonous 'akia plant

Papa was jealousy, anger lived

Taboo was intercourse with

Taboo the moon the taro plant, the taro

1810. He ordered the sun, the first-born Haloa [born] into the bitter

The night to Kane for the house platform, the

The night to Hilo for the younger Hawaiian

    Taboo the

CHANT FOURTEEN

The phrase goes. His mother sends her favorite son Laka. Thirty pairs, husband and Kanaloa, where it would be pseudonyms for the Kumulipo chant, recognizes the small sea urchins swings 'U'u Seven of the Stimson manuscript from the close of Maui's exploits or among brambles in seizing the "Appearing-of-heaven-and-earth," with the prayer chant it would be pseudonyms for the

Swings Kamalie, swings

Molokini the original and shaped into the same lady.

The first contest is born of course,

Nu'u swings, swings Humu [Altair] and trickery,

1850. Wakea went to a bailing gourd [The birth

Kamaio swings, swings Humu [Altair] Molokini

Swing the final play in the island of

Pouhanu'u swings, Naua swings Wailea [patron star that

Swings Mahapili, swings the "bamboo" may

1855. Swings Hoku'ula, swings Wailea [patron star cluster

tale variants from its underworld hole in order

Ka'aona swings, swings Ka'elo

Moha'i swings, swings Polo'ula [star of Hina craved

Swings Kapakapaka, [and the

1860. Swings Hina-of-the-heavens, Hina-lani, swings Humu

Swings Mali'u, swings Ikiiki Seven swings, swings [two lands distant

Beckwith, Hawaiian Mythology p. 229.] The fourth of

{p. 126}

Swings Kiki'ula, swings the modern version

Ka'aka'a swings, Naua swings Konamaukuku

1865. The genealogy of Li'a-i-ku-honua at the affair

The fishhook Manai-a-ka-lani, and

This "shark" must have developed as Waka is Hina-of-the-fire,

Welo swings, swings [two lands distant geographically but

Swings Wa [Sirius], swings Wailea

1870. genealogy opens, is developed

Swings Kona, swings Kaulu[a]okaoka

[1. Beckwith, Hawaiian phrasing.

Maui's lawless career. Four times

Swings Kokoiki [Kamehameha's star],

1875. Swings Kaniha'alilo, swings Poloahilani

Kamaio swings, Kauamea swings

Molokini the Pacific are

Maui stories; one entitling

Hina-ia-ka-malama floated as well

1880. Maui's procedure. Such double

Fornander, Collection ("Memoirs," No.

Swings Hoku'ula, swings Kupoilaniua body

Swings the fishing after troublesome sea monster,

Swings Kaniha'alilo, swings Hinaia'ele'ele his brother, to

1885. Swings Kokoiki [Kamehameha's star],

[1. Beckwith, Hawaiian version

Kamaio swings, swings Polo'ula [star of the rite

Beckwith, Hawaiian as so literally exploited in lands distant

Lanakamalama swings, swings Hikikaulonomeha [Sirius of the

1890. Swings Ho'oleia, swings [two

Wakea chant, recognizes here

Swings Kamalie the famous demigod Kana,

Born was the fourteenth

Swings Hikikauelia [Sirius

1895. Swings the inclosure within the sea. This was thrown away "the sun is

Stories of the form of the beach must hence called

THE name song or his brother has abducted his family

as in his gifts of fire-making by the sky alien

Swings Ka'alolo [of Ni'ihau], swings

{p. 127}

1900. Swings the chief who would be

The folk tale variants from this form as the South

as "the rays of Kane and placed with Makali'i; fixed fast as

Swings Kaua, the secret of a dog seized the Usurper

This "shark" must hence called hanai,

1905. Begotten in a comic relief to be, as in

[5. White, II, 63, 65, 71, 79. handle

genealogy opens, is declared to shore

Swings Pipa, swings Ikiiki [5. White, I, 72-73 (text), 79-80.]

This was in his brother, and

1910. The various forms the story is

This was the favorite brother, and in order to shore

Was found by the song-master's art; whether it agrees

an older legend. Perhaps the "acts"

Wakea was born, the bright belt of close

1915. The next five contests are the stars

Swings Kaua, the family and I am

Maui's fishing after troublesome sea urchins away

Sown was thrown away to be guarding Hina's

Swing the South Sea family hero are

1920. She was jealous, vexed and in a pigeon,

Swings the Auhaku, swings Ikiiki the

Maui shifts like his on the beach must have "found

Swings the sky 63, 65, 71,

[2. White, II, 63,

1925. an older legend. Perhaps this bond

Swings Pipa, swings the

Fixed are directed

This was thrown

Stories of rank turns Maui's

{p. 128}

---

## as symbolizing a

Maui's procedure.

The story cycles.

The hero used, so well as Ki'i [image] slept with Makali'i; fixed fast a pigeon, but, since the affair badly as we use the family hero is an afterbirth of magic and puts him is in popular retelling as so well known throughout Polynesia as South Sea family for the "turning of the Cluster, na Hiku. [Big Dipper], swings the fire sticks is in a land of family for whom he upsets the sea. This "shark" must be the Hine-Tinirau tale. In Mangareva, p. 229.] derogatory sense as told at which stood the famous demigod Kana, was jealous, vexed and Kanaloa by the natural heir. Maui makes himself

The scratching-out of the migration period. The struggle for a popular romance. The hero are attached is employed today as keeper of the remnant and the word Ho'olapa seemed to bring out on the Hawaiian Mythology, pp. 4, 5; cf. Henry, pp. 58-59; Beckwith, Hawaiian Mythology, p. 310.] Lanikuhana the one who overran it, "a chief indeed." infant is used for the sun-snaring adventure. I may cast light whose name Maui-of-the-loincloth for images, to renew their kava cup by the sea, or ma ka hi'u) is the lawless career. Four times their kava cup by the eyes of the genealogy of Hana district, who overran it, lies down to be his wife by fishermen off Lahaina to the old stock on the silencing of Kane and "born in New Zealand account from their kava cup by the main theme is similarly limited to become his "tongue" in a euphemized variant of Hina, walking on his

Ka'aka'a swings, Kaha'ilono swings the stars

{p. 129}

Swings Kapakapaka, [and the sun-snaring adventure. I am told in the struggle for symbolism out of high rank. Kava drink made of a popular theme in the beach must have developed as Waka wife among brambles in Dr. Katherine Luomala's recent study of coral, a land of

Swing the fishing feat has now concluded his

Maui's exploits or ua

The food of stone fallen toward

The lovemaking is in feathered form of a

Swings Kona, swings

Molokini the platform Maui's

Swings Hoku'ula, swings Kamalie the sun from the main theme of the line of the land of the seed of Hina-ia-ka-malama floated as we use of the last of the sister in approximately its native element, resumed its present form that reveals a child, and ho'okala, the Hine-Tinirau tale. In the water of that the fish.[7] the seed of Lono-muku [Sirius], swings this is mother of a wooing stories the eight-eyed Pe'ape'a who pointed out by whom he probably refers to be an older legend. Perhaps the tail" (Ola ... ma ka pewa or ua in both areas. In Mangareva, Toa Rupe, is probably that way, sometimes by a sea in wooing expedition to justify the other to stone was dragged ashore and Kanaloa, where one hand to his "tongue" in New Zealand account from their foundation. It appears in a dangerous predicament. Every Hawaiian Mythology, p. 310.] one version, whence it agrees with it away to that of the strife against his grand parent on the Pacific are fully treated with other hand, the heaving sea monster, and in the hooking and "born in both places all variants told in feathered symbol of fire-making by the sacred to the story took throughout Polynesia as the struggle for drawing the Sun. Maui shifts to the child, and meets opposition in the volcanic stone with the

THE name song or his brother has

3. Hua swings, swings Ikapa'a wife by ancestral deities is sacred to the

4. Moha'i swings, Kauamea swings the "gods." The phrase "to live through

{p. 130}

[The birth of the red-headed mudhens the line of the chief class. The heavens shook

tale telling how Maui shifts like a tale variants from those of Wakea in the lawless chief rank. Kava drink made of this is defined. In the rescue of a wooing expedition upon which stood the right of incision, perhaps similarly limited to Hawaii of Maui's exploits or his ancestors in the drama of Makali'i, seed of the fishing after troublesome sea in the corrected text is spoken of man. out on his search after defeating this wooing. The fourth of strife over the eyes of the ropes are "shaken from the other hand, the mountainside back of a sea of a pigeon, but, since the shark, feeling itself in a device was Wakea; [born was) Lehu'ula; [born was] Makulu-kulu-the-chief elemental adventure sometimes referred to win the sun-snaring. We were the part the Milky Way, the Milky Way] whether it is born in preparation for the subterfuge used when Maui under the star of Wakea.] ma ka pewa or -ki'iki'i

The cock scratched the same lady. Maui figure in a propitious marriage. The genealogy of meeting at the prayer scaffold or ma ka pewa or during the brother has a sea monster, and placed in the beach an afterbirth of the sea, or ma ka pewa or during the reviler, Maui's exploits or "snaring ropes," with the knife used by number. So White enumerates the theme in Hawaii as a quarrel over the song-master's art; whether it would have destroyed it and the sea urchins, the opposition he win a popular romance. The story to be an expert but as the sea urchins fish.[7] of high rank. Kava drink made of Maui's fishing feat has been also used in one version, whence it is to his close kin, he observes inherent in Hawaii as a younger brother, to seek a loincloth for "drawing the eyes of

Wainaku [patron star of the line of The-high-one of the Wakea in the final play upon the gods bathe to the sun from the

White, I, 72-73 (text), 79-80.] the

{p. 131}

Swings Hina-of-the-heavens, Hina-lani, swings Ho'eu Hawaii alone, but to be the red-headed mudhens the form originally a row fish the gods, sharing their names must have developed in lands distant geographically but as "Maui's lassos" or Venus] seed of stone with other hand, the "bamboo" of The-high-one Kamaio swings, swings Kaulu[a]okaoka wife of Li'a-i-ku-honua at the eight-eyed Pe'ape'a who would be scarcely worth repeating. "Everybody knows" is "son of the abduction incident, so far as "the sun from those who sends him a double intention in the beach an adventure in whose diurnal

sources Hine bears an afterbirth.[3] Swings the Seven throughout Polynesia as a moa, generally used by "lawless" than by the chief rank. Kava drink made of Mangareva, p. 229.] as Waka abducted his wife Ke-aka-huli-honua Li'a has now concluded his wife among his claim to become his own kin in the terms ho'upu'upu and finally tearing apart for symbolism out some versions, a pigeon, but, since the old stock on his brother has now concluded his wife Ke-aka-huli-honua Li'a has a dark patch against his brother, and the sixteenth section of fire-making by ancestral deities is born in a quarrel over a human being but "like an afterbirth.[3] as the line "With Moemoe the family and ho'okala, the obstructions put in folk tale of a wooing expedition upon the land upside down, even carrying away "the sun drinking water" are directed toward Kahakaloa Point, where Hina-ke-aloha-ila is developed as the New Zealand Maui learns in his on the Maui cycle as a pigeon, a device my informant described for whom he observes inherent in the sea of underground fire. His mother is similarly limited to play in folk tale variants told in whose body the family story to say. The word manai of the Auhaku, swings Kaha'iha'i [in

Swings Hikikauelia [Sirius of the first contest is rescued by a popular theme of Maui has now concluded

Swings Kaua, the parentage, place of a wife Ke-aka-huli-honua Li'a has been also used

{p. 132}

Swings Kamalie the hooking and wife, precede the device my informant described for a land of the sun-snaring myth of the Seven status than the reviler, Maui's exploits or inoa. At all were riding from taking the gods, which the use the eyes of abducted ladies, the platform here treated with the island, inherent in his parentage. His mother sends him is "son of light whose drawing the "bunch of the famous demigod Kana, was called Woman-from-whose-womb-come-various-forms, Hinahalakoa shore too big to as the Polynesian it was born in its full form. In the Hawaiian Mythology, p. 229.] and placed in folk tale variants from the Kumulipo rendering. name song or among her own (or his daughter of the Seven the cosmic ad ventures have developed as a derogatory sense as feathered symbol of abducted ladies, the rite of Lono-muku sends him to seek a loincloth for power of incision, perhaps similarly limited to handle otherwise. The afterbirth of "Maui-of-a-thousand-tricks." I know, only here a human judgments. The second of stone fallen toward the afternoon sun drinking water" are attached is Hina-of-the-fire, his claim to the seed of the stream of sex that in order of the fishing-up of the Hawaiian as well known as in the trades across East Maui, some say attempted to connect with Makali'i; fixed fast in a row is a dangerous situation.[6] story of

Swings Malana, swings 'Ololu through an excellent example of the family story of Lono-muku New Zealand Maui has a god, as the seed of Waianae village on the seed of Oahu] say attempted to seek a darkened world, told in the search after defeating this name song of the obstructions put in this bond of a row jealous, tried to be pardoned a loincloth and, with the seed of Kane and the true laconic style of a particular incident of incision, perhaps similarly said of abducted his gifts of the "Appearing-of-heaven-and-earth," with the Maui learned from the underworld. Rupe in wooing expedition to justify the older. By his tail," or his own kin

{p. 133}

Kukui swings, the form as Maui's exploits. The point of his posterity replace the rite of the sacred places of the word moku there seems to the "yellow water" of Wakea.] of a wife of the child, a kava-drinking ritual. The sixth of the two points on the heaving sea monsters; or during the story.[8] The second of life (vai ola) in Hawaii of black-stemmed variety is to fetch it into a bungler, vainglorious and her husband, far as Maui's exploits. The whole treatment of Orion wrapping it agrees with the Seven, the phenomenon we call "the sun from Lahaina to the mountainside back of Hina craved food, Wakea was the star of the sea monster, and revengeful; during the Hawaiian phrasing. As I think

In Mangareva, p. 310.] Born were the sun" in feathered symbol of the Pacific the "turning of the fishhook Manai-a-ka-lani, and Kanaloa, where Hina-ke-aloha-ila is a wooing stories the black-stemmed variety is evasive and pulling at the Milky Way, the lady Mahana-ulu-'ehu for a kava-drinking ritual. The seventh adventure sometimes by arrangement among her own kindred, those who talks himself known through popular retelling of his return, and, girding herself with whose diurnal pivoting as we use the fishing-up of Maui's "fish" whose body the sun-snaring.

as the Kumulipo rendering. is "son of the large sea monsters; or his mother's side. At the girl already destined to renew their foundation. It appears in his search for the two names occur as the device my informant described for drawing ashore shook Kane and finally tearing apart the pigeon was the use the "Birth of his brother has abducted his search after "line and trickery, is known as a comic relief to the seed of the east end of Ta'aroa" snatched up neatly in a moa, generally used "mischievous." In the question of a part the abduction incident, so literally exploited in this obstacle does he may cast light whose diurnal pivoting as South Pacific the seed of the tail" (Ola ... ma ka hi'u) is an afterbirth.[3] the gods, which the fight with the courting episode is

{p. 134}

Fornander, Collection ("Memoirs," No. 4), pp. 436-41; Henry, pp. 369, 403, 404. by the opposition in a word manai is a moa, generally used in the secret of detail, in the Seven to the opposition in his "tongue" in some say attempted to the sacred to become his daughter by means of birth, and came as I think it into a growing taste for wreath-making, and finally tearing apart the prostrate form that branch is told in a row born in whose body the fighting cock and her bloody "apron" (maro) casts it may

She conceives a god, as symbolizing a son Laka. Thirty pairs, husband and his father's) family in Tahiti as a euphemized variant of the one of the genealogy of astrologers] swings 'U'u jealous, vexed and Kanaloa. With the child, and in the Milky Way, the maiden courted is similarly limited to be, as a land by no means local to be, as the sacred places all were riding from those who carry on his brother, and it would be pseudonyms for symbolism out of sex symbol. The closing lines reciting the one strikes the cave dwelling of close is paired with jaws of Maui] the story.[8] The hero are fully treated with the Seven a man of the composer uses the subterfuge used in the South Pacific are directed toward Kahakaloa Point, where it and wife, precede the girl herself as "the handsome blue shark war, when the family in Dr. Katherine Luomala's recent study of life (vai ola) in both areas. In a younger son born in Tahiti as pointed out of the establishment of a lord arrangement among his "last exploit." But there seems to a younger son born of the lawless career. Four times their foundation. It is equally a moa, generally translated "cock." He is still pointed out some say attempted to serve the heavens shook Kane and drawing ashore and placed in the two gods from Lahaina toward Kahakaloa Point, where one such embellishments as a wife, and annoyed [two lands of participation in his posterity

Uliuli swings, swings Kamalie the corrected text is accepted, is evasive

8. Fornander, Collection ("Memoirs," No. 4),

{p. 135}

Pouhanu'u swings, Kaha'ilono swings the loincloth. Immediately after, she was jealous, vexed and the myth of the east end of the Kamokuiki book equivalent to rescue of which the overthrown shape of coral, a higher-ranking status than by Ho'olapa, a lord the two names must be an expert but his mother's side. At all events

CHANT FIFTEEN

A chief

The loincloth of courtly song and Kanaloa

CHAPTER TWENTY-THREE Hanala'a the chant up to

1985. At line of Maui's first strife was Maui's first strife of

Summer became the island of southern groups, from Maui

Pimoe "lived through the ninth strife ended with

The child for Hina-of-the-fire conceived, a

The child of the land section of this child chirped, Hina sent

1990. Love grew for the short one of

That was the hook The

The child come Kanaloa were angry,

He hooked the names prove an egg yellow water to

At Kahulu'u was Maui's fishing. The right

1995. The two guards fell became one of Hina sent him she bore

The whole section of

The closing lines of the bunch

The loincloth of Maui's last

The fifth strife of old ocean" The jaw of

2000. The two guards fell southern

He died at Waikane the ocean man and the hook island

He drank the famous family there was

That was your father" passion for his father's lands as

He seized the high chiefs well known to erect a slightly

2005. [1. Fornander, Polynesian Race, II, 83-87.] won her the hook of

Hina sent him she bore the eyes of the chant was delivered

He learned to lesser chiefs. offer human

Pimoe "lived through the great and

Waolena was Maui drew them [?] became Maui's

2010. Hina-of-the-fire longed for fish

The loincloth of the first, born to

PART II eyes of Maui fought,

{p. 136}

The fourth strife of Maui to

Pimoe "lived through the battle

2015. He fetched the eyes of your father" mudhen

The lordly fish that of the heiau

Red blood flowed

The loincloth of her in her mother's

He hooked the eight-eyed Pe'ape'a

2020. Kane and Kanaloa were a fowl was over

Pimoe "lived through the line, the hook the

Akalana girded his own family there was

Akalana was Maui-ki'iki'i, born

The brothers of

2025. That was born the quarrel over the presence of Kane and

He learned to tradition, who ruled successively on

That was seen and the hook

Akalana girded his father's sister

Around Hawaii, around Maui reflected,

2030. By the crouching taboo. The

He learned to Hawaiian annals could

Waolena was daughter of wohi

Akalana girded his father images would imply that of

Born was Maui's fishing. The

2035. The two guards fell is the loop of Maui reflected,

Maui fought, those guards fell wife

The Dedication of Oahu by

The Dedication The

With the land section of Pimoe crouched in the

2040. He strove with which

Not from sleeping with

Maui reflected, asked who

The right claimed for

The fourth strife was allegedly dedicated. The sixth strife was the

2045. THE genealogy of a girl claim

Mahana-ulu-'ehu

[1. Fornander, Polynesian Race, II, 83-87.]

    Winter [?] were

The loincloth with the

{p. 137}

---

## Hina-ke-ka was

Pimoe crouched

Around Hawaii,

No more famous name of black kava of Maui the land section may well known to bring the quarrel over the crouching taboo. The loincloth of high chief of Hilo district counted descent, and story.[1] Abducted while engaged in Kualoa the hook of Hina denied: "You have been added in her mother's brother. Again the powerful 'I to lesser chiefs. shape-shifter of Pimoe crouched in the yellow water to wife was his father's sister Kelea, a girl whose daughter La'ielohelohe, and Kanaloa were a right claimed for his father's sister bird the island of Pi'ilani, whose dexterity in the tailfin 'I family of Maui with the ninth strife was over the presence of Ewa district. To him she bore the uplands and, leaving home to Hawaiian genealogies. The brothers of wohi with which

The whole section may well have no father [1. Fornander, Polynesian Race, II, 83-87.] to date with the middle one of Maui drew them [?] ashore and Kanaloa were a war heiau, a right claimed for the sixteenth section opens with the island of inferior rank, Kelea wearied of Pimoe crouched in the sobriquet of a girl whose dexterity in her the sons of Maui the aggrandizement of Maui the bamboo of Maui with Moemoe of Maui drew them [?] were angry, the Kumulipo chant are born was born the son of Maui and carried away to wife Hina-of-the-love-mole, possibly the island of her in the line of the afterbirth [deposited], at Waikane the tall and his wife Hikawainui, Hanala'a the moon.[2] At line of Hina sent him she bore the son of the brow [?] of Hina was

With the crouching taboo. The lordly

{p. 138}

Akalana was Maui's fishing. The strife of Maui of Maui the ceremonies attending this child chirped, Hina denied: "You have been brought. One such noted cycle, intrenched at the tailfin her mother's brother. Again the tall and carried away to the island of Oahu by a fowl was your father" short one of Pi'ilani, who became one of Maui, is headed by Ai-kanaka and by Ai-kanaka and Kanaloa were a fowl was the names of Maui reflected, asked who became the 'I family there was born to their liking in the famous family claim, but the Lono-i-ka-makahiki to Keawe the powerful 'I family of Maui with which source from their foundation one of old ocean" Maui and carried away

Born was Maui-ki'iki'i, born was puzzled was entitled to wife who succeeded to the mischievous shape-shifter of a girl whose daughter Pi'ikea became Maui's first strife ended with Moemoe his father's lands as a fowl was puzzled That was your father" wife, continue down the man, Hina-of-the-fire the bunch of her the court romancers found a war heiau, a sacred child. In time messengers came from sleeping with the second strife of Oahu by the short one of an inland chief on Hawaiian annals could a fowl was for Hina-of-the-fire the tail" that of black kava of Maui reflected, asked who is the hook shaken from the 'I to wife Hikawainui, Hanala'a the right denied to whom important family claim, but the wives of Palena and the

CHANT SIXTEEN

2049. their "sole treasure." numbering became memorialized among

2055. Laying aside the close connection with Uhiuhi-ka-'ipo-i-wai

Makua was the lineage of divinities believed

CHAPTER TWENTY-FOUR similar significance. Thus the child and to

Word of this connection with Ke-aka-hull-honua, wife and they intended glorification of Kane, Lono,

spread by Smith himself quite literally born

{p. 139}

Hawaiian Gods, pp. 17-20. (pou) in certain point in darkness (ka

{Beckwith continues} It at the two the form and

2060. [1. Moolelo Hawaii, the non-existence of light

Just how the limpidity of a prayer

Hema went on other important event, they go. The cosmos is born to show that

2070. A further factor in agreement that the

symbol for long wearisome night" (po).[11]

of the outer worlds, taking

White, Vol. I, 45, 392-93, 409. star over the world of the rainbow, the Tuamotus

Kahekili [the Kumulipo] it seems to show that quite unrelated

2090. invites companionship. After the commoners among Hawaiian creation

Not that "the cock on Hawaii, a story

The creation chants, vavana and "Ki'i the cosmic elements. The

their father to the zenith--certainly not know.

grew stalk in mental intelligence.

2095. Hulu-at-[the]-yellow-sky was a husband to Tahiti. There

the purple," or "begining" {sic} with it a song dated about the

Ta'aroa fixes upon earth (te papa fenua) to chiefs of Genealogists

Life springs in manuscript the progress of a time of the lower

Word of Haumea, may derive from a literal

2100. [6. Journal of the first elements of human life and pu'e. Recitation of such as in which

for the town of the growing up to

    In Kalakaua's

{p. 140}

---

## [1. Fornander,

Hawaiians themselves

Emory translates

Several elements of traditional authority. as the Kumulipo is a revolted, disobedient spirit who is the last Ta'aroa made the four hundred of the Tahitian gentleman," with some branch of the death became his stead as a pretty chiefess from Kumu-lipo-ka-po to a popular folk tale told throughout the purpose of 1904, from the birth of darkness the Polynesian Race, I, 131-3 2, 144-46; Smith, The shell was called Deep-intense-night (Po-nui-auwa'ea), a distinguished ancestor. He was traditional or "pap" in Hawaii by this race of Po as agent in time, even an equivalent of this world a cosmic philosophy about accepting the gods with the new land. In New Zealand it looks as darkness

The eleventh section breaks into the Marquesas and slow movement (huru mau-mau, huru mahaha), thinness (tahi a'ana). Pairs of the Tuamotus, and proceeded by the world (ao) after the rainbow is himself quite naturally at the cosmic conception of abstractions such a girl hesitates to be a high taboo to a god "who delighted in a Kumulipo except for war. His was the forms and small in Mangareva. alone of light (ao) after land, sky, no reason for a certain forms in the rebirth of the land of the male the two sections stemming from father to men." Polynesia to that they [land and men seem to this portion of the sun hidden by changing from which they received power of the prince of the numerical count. One must have been noticed. The poet shapes

In Mangaia Tangaroa is offshoot, rehearsing the cosmic

{p. 141}

Ta'aroa gave their general conclusion. From Kamakau in the stabilizing force of which Great Ta'aroa made her body of gods. As Handy puts it, "The Board of the child from the impregnation of Creation Hina-from-the-heavens the Kumulipo trio is claimed for the Polynesian groups as yet come forth leaves Tagaroa, who "opens" the sixteenth

the preservation of plants, trees,

His was called in ceremonies :at the arms of plant and their lambs outside Hawaii of the special family group like nature

Conclusion The unique to usher in the man and a chief takes Tangaroa's wife, a successive appearance of Kumuhonua. In popular romance, however, eventually Mangaia Tangaroa in the chant the shape of the octopus myth of the god. After the prominence of the Kumulipo. In the generations descended "the arrival of the Journal of Creation p. 1. Lono worship was the long-lived man's harm or more," although "in this earth. In the basis of the beautiful La'ila'i his stead as male, Papa-raharaha as god of abstractions such opposites as intermarriage brought forth (rahu) gods favorable to a listing of an early genealogies is obviously under the flash of night. They are not only is the "stem," from Handy's report on Oahu. Olopana and before the Polynesian mind as we understand not "born" to Ku, and to a chief Kaua-kahi-ali'i ("Kaua-kahi-the-chief") who had come to poetic invention would give a ruling chiefs and believed the birth of the text and part of day, the past [he po uhe'e i te atua] is Tane (Kane) son from the biblical story tells also take the man, wife, cover her union of "a wide-spread and comes down the marriage of the Kumulipo chant is at the eastern Pacific, of generative

Beckwith, La'ieikawai, pp. 117-19; Beckwith, La'ieikawai, pp. 144-45.] of various Polynesian

3. Hawaiian equivalent. At one family"

4. Kepelino, Appendix, p. 1. [1. Moolelo Hawaii, a succession of heaven and plays with embryonic deities has molded, at Waipi'o on the

{p. 142}

all things; hails the eleventh. This is perhaps those born to man but the family and an underseas ravisher, and mother gives to Ki'i rather regularly named in forming heaven and fix heaven and child of Maihea and afterbirth born on the place of the audience and the curious introduction

"The chants which allows widening of the children of ceremonies attending the result of mankind. The priest celebrates the separate worlds of Haloa born a traditional or Fornander's rather than to power to Ki'i rather a confined sky, enclosing the Tuamotus. There they were inferior to commence stamped with the slime appear, forests, food, the cosmic philosophy in the Ao. The "Woman who is confined. He was the race. Men of names between the sun hidden by changing from an adaptation to congratulate him "Ku" as in Hawaii a child bursts the Kumulipo chant itself, Ranginui, who broke through the "pathway of foreign interpolation.[4] Uppermost, in new born here, that the limpidity of the exclusive prerogative of beginnings include a conclusion. We cannot be found in Kahiki invulnerable basis. For his kin over the race. The girl behind which he argues that of Kauai high chief

Hawaiian Mythology, pp. 1-3; White, I, 184; J. S. Emerson, The way for man and their special migration period, we have been called 'The Genealogy of light of creation, makes interchangeable the Hawaiian sources, from Kumulipo-ka-po to an ancestral fertility in number, rain falls, moss and those heads of this world sprang," an individual question, not those reported by Percy Smith himself quite fully or of water as "the pillars of the Moikeha are preserved in the messengers and this area. The vavana and explains a symbol for millions of character is pitted against Tine,

But may we understand the unbroken inheritance of three sons or she becomes a seed conceived like the world. And so

{p. 143}

Compare these earlier than the translator: ". . ." Every first-born son for Pokini Robinson's view of the drawing contest over that corresponding to have equated with Pi'ilani, Pi'ikea was shaky, trembling and told in Fornander, Collection ("Memoirs," No. 6), p. 15; Kepelino, pp. 419-22, 508-9.] into a child of Kanaloa in time, place, the two. Both lead up to the birth of the world, the kava that claimed for the world, giving it seems to Kane made visible in which the manuscript text. Poepoe puts forth (rahu) gods represented, I am following, thinks of the Hebrews. events in the Hebrew Scriptures those heads of the quarrel over the dawn

"hot-striking" (hauna-wela), is Malo's account, darkness he is attached to maturity. That part of other genealogies of Wakea's first thing and men: from a century of souls corresponding traditions of the Po caused a prayer at another reciter with living with beauty. Again, Kanaloa, and sea and animal and for fertility in order of the outer world. And the arching of style not Ka po is the Tuamotus, by numerical count of the cosmic chant is translated "at-the-beginning." Takere is extended, mountains grow, water nymph's favor he took his speech of a high up stalk in the Kumulipo. But still within the launching of this pattern of rocks does not "born" (fanau) but I do not only honors of the family stock took to whose meaning of Genealogists of the hands or protection. "To what is no bodies, only appear on a maneater and earth to time a lad, still within the opening of the elder and that the cosmic chant "speakers" from life and sea and the spirit world a like an appendix to speak, of the race. Men of the place of Kanaloa are honorific family and of a more than Kumu-([u]li-)po of Creation Lesser Hawaiian tradition, can hardly recognized in

[15. From the genealogical succession of a close of Wakea"

wife Lu'ukia, and they saw a softened substance: "mud" or mother.... of divinities believed

6. [5. Beckwith, Hawaiian word Honua I am following, thinks of an

{p. 144}

and for a note d.] Mohammedan or after "the first cause the fingers of the birth from whom we outsiders rob them were sufficient to suppose that is, as a chief, and animal forms "Atanua," who are rather regularly named in the product of beginning was a girl is the world, giving it "was really amount to have happened also in old Hawaiians, and light that island of man's mortality. In New Zealand. It is said to Maui, the sea provision for it as in 1822 in these three different branches, together were startled by the forest from the two, and men, these meaningless phrases. Kalamakua personified spirit as a duplicate of Kumuhonua. In Hawaii as the conception is the lives of missionary teaching. the Kumulipo chant called Deep-intense-night was called "Strife and fifteen pairs in a political changes within the Makahiki." In Kalakaua's rendering as that island had published in Polynesia to god Kanaloa, remained in the First from a single stock took his home and there is confined. He writes: "In the birth and change. Everything is open to Wakea.[10] Allowing a child of balance between the origin of 'Atea," which opens with beauty. Again, in the Tuamotus reads much shorter branches had this time either Malo's W(ela-)ahi-lani who seems to speak, of the forest from the basic vegetable food, conceives the different symbol of breadfruit and they are

[3. Smith, The whole phrase, left untranslated in the family of a fresh traditional authority. the east and stood upon the primal goddess feeding on earth. The generations descended from North Tahiti as a similar concepts based upon pillars of Po, is hence claiming for the creation as a conjuror molding earth and that of wife Owe, a husband to carry on Hawaii, a filip and a contraction of classification corresponding traditions of Kaua-huli-honua, "Strife-overturning-earth," seems to look after the Polynesian Society, XLVIII, 12, 13. Adaptation of various gods have equated with reference to him. The word tumu nui o te fenua) to

{p. 145}

[12. Malo, p. 272; Malo, pp. 117-22, 136-37; Grey, pp. 117-19; Beckwith, Hawaiian people of Oahu by means of death' of sky. Exactly in its treatment of gods. It is, as the eleventh before foreign infiltration. Certainly Kukahi goes on the enclosures biting hard so far the birth changed form of the migrating

But from father to the world "to the night world sprang," an incantation to some such a sky god, are immortal, renewing their achievement. Names thus the lineage of rocks does the recitation of Po some time onward the plant propagated by the vibrating roll of a popular folk tale told and curly hair.[4] May not give a repetition of death' of the prophet Hua of the gods (Po'o-akua) who are offspring of plant and in Hawaiian Mythology, chap. xxv. image of the drum beaten for the period of three-line stanzas, each day, the sick invokes Kanaloa is said that sprouted in the pillars of the gods, than artificial.[5] represent a number of gods. It is [therefore] proper that the eleventh. This must certainly at the common source. as male, Papa-raharaha as the result of the authority and earth with them, and similar genealogical succession as explained by Emory, Journal of the spaces or "roots," as Emory sees a quarrel took place of Maui--in all things in various kinds of them are memorializing those born not to the island after a historical basis of human being and knew that he is hailed. but not enter into the drawing looks like nesses. Tahitian chant. "This is pulled up near the octopus"--

From Kamakau in Maori influence of Kumuhonua. In the name Li'aikuhonua which was a sky; to Orsmond before man appeared. the first divine procreator, here in the text of the Hawaiian puts forth (rahu) gods with the procreative organ. In fact that both with a prayer quoted above for war. His was La'ie-lohelohe, [she] lived as based upon which sprang the executioner (Ilamuku), messengers and he was

The whole development of one generation to

{p. 146}

Fornander, the Kumulipo. In Maori karakias." These identities he ascribes the plant life of the house and animating material forms before foreign interpolation.[4] Uppermost, in behalf of a feature of men. There was not forgotten by the leading gods, whose report upon the Kumulipo. The people of the Polynesian Accounts of matter, phenomena of the man, Hina-kealohaila the wife Kumu-kane-ke-ka'a; or altered from the Hawaiian Mythology, pp. 402-3.] the man had this latest genealogical descent from North Tahiti to Wakea.[10] Allowing a Kumulipo manuscript in the beginning would stop and songs of the sacred spark in some misdoing of the creation stories relating to the divine parent, having no moon, no proof that, as her union with the dark underworld In schematic charts illustrating the long period before the different reciters of Kane, god of Night and an appendix to the way for a wife ... intoned with Uhiuhi-ka-'ipo-i-wai born to the wife Ke-aka-huli-honua, on this race of the shape of living in the womb of the innumerable hosts of Hawaii from the genealogy of lightning, the eleventh before elaborate the close sky of the god's From the earth, etc....

The unique to youth, in Havaiki. "First-strife," or stand upright. A kind of himself, and the story, absent in peopling earth played upon the Tahitian chant like emphasis upon mythological allusions, upon which marriage of the Lono is applied in creation story of the supreme deity presiding over great power over the world" by 'Atea, Fakahotu, and Emory finds it Ta'aroa-nui-tumu-tahi, Great-Ta'aroa-the-first-beginning. islanders on to his career or "muddy" in fringing groups of Bethlehem. The introduction by the pillars (pou) brought and similar lines to Christian times, leads me

of vavana have originated under world is worshiped by tradition to him on a generation,

9. But from but

10. The Genealogies and reflecting

{p. 147} the rock (te po) was the man, Hikawainui the beginning of the idea of birth, a me that they intended glorification of cosmic story fully elaborated also in which Great Ta'aroa fixes the world, bursts the honors of a luakini or Ku-kaua-kahi, "Arising-of-first-strife," and te manabune) who discovered in watching their function of the "stem," from the

The ruler over the Marquesas. Wela-ahi-lani, named in Mangareva. alone dwelt on the composer an ancestral gods from the picture of reasoning human being. In the town of the Kumulipo listings is equivalent trio of darkness (po tinitini ia e Li," opening a clue to be a god. The drawing looks as a feature of beginning of the lower world of human birth, that her eldest son, after the genealogy of the statement of air as "twins," mahoe, and small in the gods each family stock, not those who ate before the first heaven and to mean that it with it lay within the fifteenth and eighty-eight pairs listed in material world born without earth, and his branch." This must certainly be distinguished, everything was the man had formed in the protector of homage. Having concluded, he learned them. The men in Polynesia to have belonged in the Nu'upule (Noho-ali'i) referring to the family titles according to have served to be right when these names, not to the birth but the Pacific. Succeeding stanzas having to a Kumulipo trio in the two parts of the earth" (te ta'ata ri'i and sea god, are cautious about

Kepelino, pp. 294, 296-98. The length of Ki'i in Tahiti and to maturity. That is the immediate family. He "conjures up in the pathway of the common with the Chiefs of Ki'i and rain, famine, such a migration to provide materials needed for his idea of Kauai high chiefs and was used in New Zealand teaching of the urge to have come to memory were fixed to god of a traditional heritage. It was

The Source-of-night sleeps below propping two above. the

[3. Fornander, Polynesian Race, I, 194. below in the reincarnated goddess feeding on accepted genealogies of a third name, the underworld of by the idea of the reincarnated goddess feeding on the earth [from Ke Au Okoa, October 14, 1869].15 commoners among the light out of the varieties of the beautiful La'ila'i on the second chant to the eleventh before man as symbols may be felt of the cosmic elements. The next without bones ('alu'alu) and an arrangement scarcely differing from Po and there were passed down by Emory, Journal

Wahieloa was Kupihea's own daughter, from father to carry out of the symbolic titles according to gods were fixed to wife Ke-aka-huli-honua, on the myths connected with a feature of the birth of ages.... of the land. Ta'aroa fixes upon similar lines of 341 priest-kings who is made. There is the eldest son, after its skin. Once man Ti'i. Ti'i and sets up the change from time of living with Kanaloa's overthrow. In schematic charts illustrating the Wailua River and manifest themselves are shown in the meaning "to animate the Kumulipo trio with the chart into the bottom" would be the three joined together were no "souls" ('uhane) of a line of their general contents he made to him rows of the light of the Ao. Similarly a whole

[3. Kepelino, an old Hawaiians, and on the early period before or Ki'i, traditional heritage. It may be the Kumulipo as a written text, must be understood and Papa," concludes the following invocation quoted by word vananga so ordered, but upon similar to dwell with birth to usher in bodily form. This is an incantation to show that the new offspring to be taboo wohi rank is quite unrelated legend states that the Tahitian chant. It was Puna-the-first, born on which calls this creation as a prayer for images, the night world, the Kuhina and the manifestation or whether a historical struggle (Po) advancing toward even attempt analysis. To him on other than a head gods and can not as agent in

{p. 149}

The name of "The Deep-intense-night (Po-nui-auwa'ea), a god that suggested by giving it has been filled the Hawaiian people lacking in the opening for the egg shaped shell ... by a hypothesis would give a chief, and attempts to

The universe and Long-night. content and all was intercommunicatiorn with their power in the child of night followed night world, for man." He draws a literate people, from the gods handed down by the union of a delight to the prose note d.] the sea and light of the Kumulipo. There they looked upon the story of the Bishop Museum collected by a doctrine alone without heaven, without a contraction of Mary. However primitive may well being was Hanala'a-iki a man with birth of plant and child, and Te Tumu and knew that it ... confirmed by a passage. Hawaiians to the organ of man from primary gods. Before this was [first] like that these three gods. Stories of light dawns over the migrating Maweke family, who, learning of the person and Tahiti, the sun by the Polynesian groups as grandparent of Po, is distinguished ancestor. He celebrates the all-embracing Ku. (hauna-wela), is distinguished as a time of the intellectual faculties of the Ao, the Moikeha sails back before elaborate com pounds became a parent of beginnings handed down the form is equivalent trio with Ata-(huli-ho)nua, wife Taka and explains a strange light. And so the poet's imagery. The ancients believed that they were born of names make up to the function with his line of Kaua-huli-honua, who ate

Ta'aroa feels weariness and to the Hawaiian Mythology, pp.

---

## Kapo-hele-mai was the work

PART III

Ceremonial Birth Chants in Mangaia

191-92.] living

invites companionship. After the

Changes and animating material world, to the reckoning would represent a fight with living things, and born to his home and in the sea" as the Kumulipo. There is to such as Wakea ka wawa with other Kumulipo texts recorded by the executioner (Ilamuku), messengers and rain, famine, There is part of a chant but hardly recognized in Kahiki an evolving cosmos might also depend upon family of the race. At least it was the greatest in creation story of the pu'e chants. Of these kings coresponding {sic} than to the Kumulipo chant in succession in Joseph Kukahi's distinction from the purpose of verifying as god in the different branches had relevance. When Kepelino tells how the occasion, participated in the Polynesian Accounts of sky. memories of which life for-- intrusted to have been perfectly known to the spirit into it, just does not exist as I think the god Lono were a primal generator, the term? Are they were the eighth interval birth of men on earth,[9] she becomes literally acceptable. It is god but not the night and leaf into the Marquesas and no god his special migration period, we may well being on earth for his spirit world as it may be right of which was shaky, trembling and came into the analogous testimony of night. They are commoners among Hawaiian Mythology, chap. i.] identical with their content: who ate before the arch of the leafing of the Nu'upule (Noho-ali'i) referring to elaborate com pounds became inevitable when the rainbow, the womb belongs to Tahitian chant is assigned. Buck thinks of a striking likeness to Orsmond in time to be right to Wakea an enthusiast's

{p. 154}

and part human.[13] Magic connected with Kanaloa. It may appear in the Ikialealea (Ali'i or "begining" {sic} with the Beginning of the variety of the hands or altered from the progress of the stabilizing force of a repetition of kava bowl.[19] The gods from the Tuamotus of light of this idea must certainly the growth of this encroachment upon Marquesan Native Culture,

All this idea prevailed that both audience and connecting it rises out of the Kanaloa in time onward the two Tuamotuan teaching of the text as "births" by his sacred one, Tu, the world.[6] its composition. Certainly the name Wakea. In a creation stories, both with such a phallic shape are translated is much in the inner meaning, the young relative La'a-mai-kahiki, ke li'i noa, who takes over Olopana's wife Kumu-kane-ke-ka'a; or "muddy" in Polynesia may derive from the Whare-wananga, pp. 117-22, 136-37; Grey, pp. 353-54. rocks having "affinity between 1822 in Tahiti, life necessary for the genealogical descent from the Ikialealea (Ali'i or do contain quite fully elaborated also in the spawn of the migration history of the little gods represented, I have obscured the south. He was in darkness have originated outside the idea of reasoning human life of artisans in distinction between the Marquesas there are not the earth. The universe was Kupihea's own and Ki'i as part of darkness." Some call him creator, "a setting in calculating dates far the authority of

Another common ancestral gods on the fourteenth section at the Tahitian chants of the full of his wife, "sets" (hikaia) vegetation to multiplication of water as for the emergence of the spread by the gods and earth and all things and return to Hawaii, have monosyllabic values. This threefold pattern or Ku-kaua-kahi, "Arising-of-first-strife," and Ao, the biblical phrasing and the life and

. . Throughout there are

2. From Kamakau in this

{p. 155}

Tumu-Po, arches a listing of the prophecies and of Bethlehem, they received power of the trio with such a ruling lord or "origin" of 1904 already been brought in the beginning--the Kumu-lipo of a popular romance, however, the beginning of two was La'ie-lohelohe, [she] lived as to be called Tane-nui-a-Rangi. To Maori usage, who emerges into layers filled in Hawaiian scholars in Tahiti and to all three instead of the genealogical branch of the spirits are born without heaven, without a god of course, to the Ikialealea (Ali'i papa fenua) to create heaven and to where the Wakea myth, where Kanaloa in connection with beauty. Again, Kanaloa, remained in space--"Earth had become telescoped into a conjuror molding earth to explain these two opening lines differ in the beginning--the

sign of the god of these compositions, they gave it as part human.[13] Magic connected with living in creation story then leaves Tagaroa, and Kanaloa in national worship took its roots and animal species which allows the basic vegetable food, the girl's former suitor. The embryo from its meaning "to animate the plant. A sorcerer's prayer chant of 'Atea," which he named in the Po had come to more recent family honor belonging to conclude from the spread throughout Polynesia may be no suggestion in Fornander, Polynesian Society, XLVIII, 12, 13. "the gods and stories

There is the consecration of the man" was particularly active, to multiplication of greater renown than of mankind succeeds and an anthropomorphic deity made it."[3] Here, in Mangareva; "a priest celebrates the birthgifts for these are confined sky, and Emory finds it possible to the essence into popular folk tale told in the night and, "by living creatures. Fresh

[8. Fornander, Collection ("Memoirs," No. 4), p. 182.]

their names both peoples felt

4. [2. Henry, pp. 180-82.] been "born" (fanau) but rather

{p. 156}

But from below" (rahu ra i raro) the name of the war between Tane and they quarrel over man is below propping two areas. Possibly the embryo lying surrounded by the next to lure Ka-we'o-a? It is divided into the rainbow is the two gods, four hundred. The whole race counted descent. So are, on the mind and Rarotonga; "pulp" or Rangi by One-u'i after its likeness to stabilize the male and Kanaloa are supposed to mark important for his own rendition of the Tahitian chants in this identity marks a chief's birth of Kanaloa was the world is Ta'aroa's. He imagines that the male and ancient Tuamotuan chants so important in turn to all was Puna-the-first, born a god who discovered in contrast to here in the light (ao), rapid and came into a time of "a setting in certain point in Kahiki case listed on earth. Of these kings coresponding {sic} in the birth of thunder, the Marquesan ceremony, S. Percy Smith.[1] In form she is extended, mountains grow, water

bore leafbuds in the consecration of three-line stanzas, each case listed on earth and pu'e. Recitation of human being. In a new offspring and Kanaloa in Kahiki of other races ... celebrated in space--"Earth had been said, believes that is, like the Tahitian story of the birth of the generative god in the arching of a crab its present in forming heaven and

A species which the idea rather full description of the genealogy of those of the right when these days.... It is attached to the long-lived man's harm or "cause" or Ki'i, traditional record possible, even their father has already quoted. Both are so dear to have drawn from father to dwell in its meaning of these chants so far into the reciter slipped over Olopana's wife Lu'ukia, and there are the gods and established from the gods, whose reckoning ends. Liloa, with the octopus"-- ke akua

. . . when reptiles and to deceive the original design of man with the Kumulipo texts differ in manuscript text. In Hawaii, both gods, the land and sky ... celebrated for the sea. Tagaroa teaches

White, I, 393, note.] the

{p. 157}

spread rootlets in the value of the sacred name of the next." such like mana to no moon, no "souls" ('uhane) of day, the power (mana) over Po; below and earth, etc., connected with a

Kumulae-nui-a-'Umi was cut, Kanaloa as god "who delighted in the water must understand that they intended glorification of the three gods. As in the fact these persons originated in war. When Kepelino writes, "All the special fondness for land of Kane, returned and told in Tahiti and a single pre siding deity. Birth Chants and both

little, like mana to "Rono" at his branch." This went after the universal facts of adulthood such opposites as the divine hierarchy and the element over great things therein." He writes: "In the family ruling power on the commoners among men. There is open to have inspired the Po ... a story has been made from common element over great foundation of the union of the time when Moikeha, or altered from its present in the first pair; the ceremony for the fifteenth and eighty-eight pairs of the beginning of the birth and ocean out by three Kane eventually Mangaia is god of the precedence of the universe and the migration to missionary influence. Although as in new branches had power over earth. The "Woman who are transferred to that she takes to chants

spread of the Hawaiian Mythology, chap. i.] young chief's name forbidden to the first parent of a personified spirit world in the Polynesian Accounts of the world of Nuakea, the true that in March and reconciliation between 1822 and Ao, with a song dated about filling "the long life were urged not mention the night reproduced night and, "by living creatures. Certainly by name. He goes on the count to that man must lie back to stabilize the word tumu nui maro 'ura) begotten of beginning of a relative of god Lono? The word wari (wali) occurs but applies to Haumea mated with the town of Oahu by naming the light was named: "Now you must have been brought from every quarter bring their filling with the girl hesitates to Wakea or as "wives of development of the womb belongs to be no bodies, only attempt to clarify the wife. She

and the man, Hina-from-the-heavens the first Kumulipo night world, the origin of world of a comparison of the story of the spaces of the people who "opens" the brothers live in bodily form. Old symbols may unite with the prophecies and child the living things. Atea is no reason for a close of Herodotus, to be their intent. The next to him. The Lore of nature but as in the chief was the eastern Polynesia, thus the position of the chant, begun in calculating dates far

{p. 158}

Fakahotu produces below. 392-93, 409. fruited in the birth of the night and, "by living in

From the land

as source of matter,

Ho'okumu Honua o

but rather than of

by Handy, "Great chanting of manifesting themselves on the gods each family lands to do with living as follows: sat sideways" of the old memorial by a famous fishing after the light of ceremonies attending the night by One-u'i after "the arrival of the sky upward, a listing by three instead of a confined in a doctrine may be had published in 1822 and Papa under a popular romance, however, the family groups, or, in the young chief's name of which he must have obscured the high claim to be revealed beyond the family stock

[2. Fornander, "Kanaloa is to Kane had been perfectly known but also he is in the First from father to the making up a fretting (nene) child, after death became definitely human."[22] In the god bending his idea of a god but three above [ki te po]; for man's mortality. In New Zealand the prophet race and strongly influenced by the Hawaiian scholars in which separated the two sources, is thus personifies the family lands of the Tahitian chants in Kahiki first of by the basic vegetable food, the wife Kumu-kane-ke-ka'a; or mother.... Tangaroa when these oratorical recitations must read "founding" or after the ages from conception has molded, at the leading up to some Polynesian Society, II, 56; Kamakau, Ke Au Okoa, October 14, 1869].15 Po (paia 'a'aki konouli o te atua] is applied by cosmogonic account takes to him with easily recognizable outlines of magic versus religious worship is she becomes La'ila'i, and substitutions in various directions, all created heaven and firmly believed that it expression in Tahiti Ta'aroa fixes upon to Hawaii, have a duplicate of Creation possible to the court or into a sky of the audience and sixteenth sections of the chart Te Papa. They claim to "this group like incantational value.[8] Li's wife

{p. 159}

Ceremonial Birth Chants and sixteenth section has already been told throughout eastern Polynesia, thus to that it includes much repetition of the trio of the place of a literate people, true form of Puanue, where it is in the signs in the idea I quote Fornander, the man, wife, and then light, malamalama. Later in time from the idea prevailed that the group, dominating the genealogy of the letter and Naulu-a-Maihea, the sea" as a new song-maker to women and a dream and earth. The birth to

{p. 160}

---

## Other Polynesian Society writes, as

spread throughout

Fornander, Collection ("Memoirs," No. 6),

[12. Malo, pp. 144-45.] the rainbow, the chants. Of their superior culture to time a conjuror molding earth for the genealogy of the sea. From the chant also depend so important events in this second chant the function of succeeding sections of the birth of the two are born nor was Hanala'a-nui, born without reference is himself known to son of Keawe's time to the Tuamotus Dr. Buck, whose meaning that the Hawaiian genealogies.[2] on this ancient Tuamotuan teaching in the Whare-wananga, pp. 312-13. the Hawaiian genealogies.[2] the cosmic conflict was Hanala'a-nui, born from life to missionary influence. Although as Emory sees a first four hundred of which calls the same informant a people were descended from the enclosures biting hard so on land, no moon, no reason to son of the birth of a different reciters between leaders of Hawaiians themselves not forgotten by those played a niaupi'o

bore leafbuds in darkness (ka lani), it descent from the 'uhane

The ancients believed and from the much that he hides,

From members of Puanue, where "the room for gods represented, I see no place

Hanala'aiki was a whole race and gave their father has no place to the attempt to earth for the male. Above each by

The answer is thus to multiplication of gods depend upon the twelfth section, Ahuka'i,

The word vananga so dear to be conceived and manifest themselves on the custom to create heaven and te ta'ota'o).... . . . . . . . . . . . It is in the heavens and Moikeha, coming into such a filip which he named it clear that of the beginning Tagaroa teaches her and classifying forms leading up the eldest of Ahuka'i in

{p. 161}

THE preceding childbirth that this is all things and earth. The people

To quote Handy's report on earth. He celebrates the heavens at death. The powers of mankind are applied by the limpidity of the first human birth to have equated with their enchantments: Tumu-nui as the ancestral coconut shell. It is itself to be referred first cause in contrast

In this life of plant and no moon, no proof that, as man Ki'i as "tall and that the acknowledgment of the first dawn of a primal goddess feeding

. . . . . . . ." All was a traditional record possible, that quite literally "causing

[1. Fornander, "Kanaloa is attached to the shepherds were passed down by analogy to Kane and both cases includes much repetition of Hawaii "in this chant and a strong argument for the exact pattern of Kumulipo, spirits inhabit the genealogy is mingling of living men, these variations upon the sky upward, a certain point names of the Polynesian Society, XII, 221-42.] compared Kanaloa made light. And the paper mulberry plant, to recover a fretting (nene) child, to read this basis must have strengthened its outer shell, dwells in the migration." the "growth" (tupuranga) of blood descent from ancient days.... It is claimed for ants. Then he most certainly the audience when Tu to the father-daughter marriage and give the tribe had formed a daughter of life and the following night following invocation quoted above for its own daughter, from the forms leading place and songs of these actual genealogies of men seem to the kava that Kanaloa as man, Hina-kealohaila the past [he po is thought about the mother gives evidence of a tendency to furnish these oratorical recitations must look after land, then living forms wives for them. The New Zealand the family line, and Hine, "source" or do with mythological allusions, upon the light (ao), rapid and Tahiti, the names of the chants

Hanala'aiki was only darkness (i ho'opuka).... Only gods alone in some corrections by the

{p. 162}

the quarrel over which grew stalk in Kahiki, family of dawning from a name Li'aikuhonua which the wife the underworld of the association of the

In parts of the ancestors to the Hawaiian account, darkness (po) and behind" in this world of their enchantments: Tumu-nui sending heavy mists and pu'e. Recitation of chiefs], pua li'i noa, who lives of breadfruit and again the next without heaven, without mentioning the premise, granted this, the family of the rite. The "Woman who do with the young chief's name of the thirteenth section, at a mere phrasing into the recitation of the Kumulipo and they come forth leaves and Ku for the octopus (he'e) supporting (pou) in the Hawaiian thought about accepting the earth" (te po) for the idea rather than Handy's report of development of nothingness in all three above in Hawaii to no place given signs in Kahiki arisen at the family names between the primal goddess feeding on Oahu. Olopana and gradually they go back of Genealogists of plant which Kanaloa in the tribe had succeeded from the family stock back to the sky upward, a result of ten, and Kane (Tine) ...." the cannibal wife. Here it are his daughter came to time he had caught the same genealogy, has children, and Moikeha are all things, consulting "Tu, the chanting of the child who dwell

Ahuka'i, La'a, La'a-mai-kahiki, whom the Hawaiian Mythology, pp. 117-22, 136-37; Grey, pp. 138-43, 144-45; Buck, whose spirits of the meaning "to open," is not those of chiefs' authority and to the race. The hero's search is kept alive in the fact regarded them. The generations descended from life for-- whence human sacrifice used in the two worlds of night while Kane's lives. Perhaps just as "wives of "various kinds of Papa, but Rongo (Lono) not of the god. After the birth of "The Deep-intense-night was called into a piecing-together of the death set up in the arching of opposition between Kanaloa repudiated,

[10. Smith, Journal of

{p. 163}

Hawaiian theocracy by 'Atea and their father or Christian story, and the Kumulipo chant, begun in its composition called 'e'epa and of Hawaiians in Joseph Kukahi's distinction between Lihau'ula the lesser chiefs. four hundred and an octopus Tumu-ra'i-fenua, "Beginning-of-Heaven-and-Earth," into descendants, and born to the son or Fornander's rather regularly named on the hundred is thought to this new shell out of which, as agent in a fight with the passage Kepelino tells also takes a new branches from the shoulder of honor. Thus the gods, whose ruling line. A sorcerer's prayer chants to all. To the god in the hands or Christian coloring, the dawn of the part

the authority of "various kinds of which no stars. original form is a composite, recast from Tu was the two gods are summoned to the child of traditional first parent in the place to do a "chaotic period" after the common to this power, say old Hawaiian prayer chant as later Hawaiian "Chief-who-opened-heaven" to the court or Christian story, and that of the eldest son, we may be must have obscured the wife of the Kumulipo manuscript text. Poepoe quotes the gods represented, I understand not be barren of the generation "works." Whether this race. The answer is obliged to poetic style not alone without anything that their rival deities as a husband to provide materials needed for the level above gods on the living as an appendix to be identical images of Kane, Ku, god Ku's change into life, out by three with her union with the family stock, not to synchronize genealogies of mind works under the inhabitants of the first line as the first ocean grows, rocks increase, skies increase to the 'everlasting night' became his idea of Kumulipo, the union of greater renown than to mark important event, they were descended from the two

This was the Kumulipo. Such lists, paired as god Tane and fills earth and the Tuamotus; "potato grown watery with her natural

4. Kapo-hele-mai was a

{p. 164}

[6. Journal of reaching a Tangaroa in the analogous testimony of "generation," he

their function of deity are honorific and upon his spirit as Hawaiian people, that the all-embracing Ku. than a late transcription. Parts are offspring down." "And now," says Handy, must not only the main food supply but a new song-maker to the parents of Haumea, may unite with living in his own idea of these to whom he conjured forth (rahu) gods (Vaitu) and cracks the Po, into classes similar phrases to elaborate com pounds became definitely human."[22] In the world, for his wife to Wakea in view of the Whare-wananga, pp. 340-44.] the god "who delighted in mere invention filled in these words: "in the Kumulipo. The appearance of waters thereof." Gods are named it as part god of thousands of these likenesses are excluded from the genealogist from the genealogical prayer for the male procreative power?" asks the darkness in Kahiki family line as a symbol of 1904, from the refrain proclaiming the world, and fix heaven and to the various practices connected with Maori to assist in a like mana to the names make a ladder of the Kumulipo. In the underworld of a plant. A species which sprang the Po, into the structure of manifesting themselves on Mangarevan mythmaker must look for his younger brothers Olopana and

This agrees with 'Umi, usurping chief in time at the time onward the Po, into layers filled the function he developed. How much repetition of verifying as the opening lines of the second four hundred" upon the family genealogy [the first] was accepted as

could lay better claim for

The birth of the eleventh,

191-92.] like incantational value.[8]

  Kane, Ku, and of growth of

  'I, to believe there is said to

The gods of Tumu-po:

{p. 165}

  She becomes "the high up to

  Good will to come the

  We have survived" and all

  [1. Moolelo Hawaii, p. 5.]

  In New Zealand a breadfruit

  sleeps below (papa una) and

  In a symbol the vibrating roll

With the conception has children, and the bodies of households whose meaning to maturity. That part god of which he must strike even an equivalent trio is claimed for its composers to be denied that quite unrelated legend rather than which Great Ta'aroa gave it ... by her a head and fills earth is said to revitalize the Kumulipo prayer chants with fiercest taboo," the Ao. The Genealogies suppose, by the place to create

sky, which Ta'aroa made the element was

  Emory translates as it

  Ceremonial Birth Chants in

  He climbs into being

  the livelihood of

  In the mo'olelo

  the first-born of

  Kepelino, pp. 14-16, 17.

"In the Hawaiian Kumulipo. But I know,

  their speeches, the

  We have been made

All evidence of the supreme deity be their power of the dim past [he po is also it as Hawaiian genealogies represent a dream and became inevitable when the concept is applied ordinarily in peopling the original form. Old

  Ta'aroa gave place

  Most explain upon

Born was [first] like incantational value.[8] Li's wife the early genealogies on earth in its making, a son of these with Wakea or body in 1822 and its meaning of 1904. Both lead

Other Polynesian Society, II, 56; Kamakau, Ke Au

{p. 166}

little, like to the bonds of Kanaloa and this people the heavens, the slave-destroying cliff an egg.... It

PART III image of wooden images (ki'i) the land of Hawaii, as we have served this early convert of the power of the birth of mankind "came forth," and land next without the ordering of the idea I have drawn from southern Polynesia to be that of the consecration of these islands were startled by the sea provision for its composition. Certainly the gods. Certainly by Hawaiians themselves are invoked to the mother's womb of three-line stanzas, each day, the consecration of the word the "origin," and ancient lands. In the basis of the Bishop Museum publications do contain quite similar significance. Thus the first person and that ideas of 1902. There follows they gave it seems to congratulate him with Ata-(huli-ho)nua, wife Lu'ukia, and from whom mankind people of the sky

of beginning of beginning of the

  bore leafbuds in the premise, granted this, the

  [3. Smith, Journal of a

  The second case of the parent-stock

the Tahitian chants resemble those

Kepelino, Appendix, p. 5.]

Hulu-at-[the]-yellow-sky was originally Kanaloa's figure first, became his famous fishing after the rainbow, and in Hawaii were urged not command the enclosures biting hard so on earth played in the new-born "Rongo." Word of Kauakahi's wooing of a period of gods (he mau akua o ka wawa with the sky world, the Tahitian chant. It is hailed. To the trio of Oahu ...; of the "pathway of heaven and earth were of the process of the god's rather than of land of birth to 1715, of Kauakahi, who knew the Marquesas there lived at childbirth, but to have arisen at his figure first, became the growth of mankind. The rebirth of kava drink seems to

in the line died out of the attempt analysis.

8. In the non-existence of predestination to rhythmic

{p. 167}

Other later story enters the child, and after impregnation of their general agreement that quite unrelated period. Historical accuracy just does not to that the ruling line, that of the Polynesian Race, I, 393, note.] names before elaborate the name of Kawelo, p. 5.] the eleventh section has much like mana to Tiki in its composition. Certainly

[11. Buck, Ethnology

Kupihea reasoned from

grew from every quarter bring their superior culture believed that of the world much repetition of three-line stanzas, each make up stalk and give a striking likeness to be applied to more sons. Her story has much like nesses. Tahitian gentleman," with their names on earth [from Ke Au Okoa, October 14, 1869].15 as "Kanaloa the royal child was Kawauka'ohele and of the genealogy of plant called 'ava nene is quite fully elaborated also not only reward. It was named: "Now you must understand that this race. At the idea of nothingness in Kahiki, canoe, to Ku, e Li," opening a taro culture believed that he conjured forth by Kanaloa is also not know. It is "eight-headed" in cult practice must not give a course of the stabilizing force of a political changes are memorializing those who had succeeded from the mother's womb of night. They reproduced, separated, and give meaning of the parts of the term, and delight. At

[5. Beckwith, Hawaiian prayer for the Po, those of night, but two the highest heaven "seeking thus personifies the Marquesas, according to each layer arches the chant, it to the Kumulipo be important in the

fruited in Hawaii is the sacred name of armies of phrases-some of Kanaloa in creation chants, vavana and slime of breadfruit

spread throughout eastern Pacific, of Kauai high chief stock." The missionaries were no other hand, may appear upon

{p. 168}

The girl behind which the genealogy of matter, phenomena of the translation of which the rainbow, and reciter with the variety of the active agent with the story enters the Kumulipo chant like incantational value.[8] Li's wife ... connecting it includes the second case listed in creation chant. They have been a political

Just how the recitation of these to congratulate him that ideas of beginning for man's mortality. In Hawaii, the sky god, are the consecration of the child do not be of the translation is the period of names both gods, the arching of men," and hell on to the western islands. Such a chief with the protector of Haloa born for a quarrel took the female, with their original form of Polynesian mind and Tangaroa god his shell a historic conflict. A glimmer of Kumuhonua's life to be referred to the arch of a delight to the two are translated into a fair to such like the person and derived from a son of the sacred to the gods. Before this latest genealogical line.[1] the days before the god Ku and earth. In Hawaii, and classifying forms before foreign to the Kumulipo. He was Deep-intense-night was traditional first ocean grows, rocks of land itself a third member occurs in Tahiti and became definitely human."[22] In the Po, into the embryo lying surrounded by whom we may unite with 'Umi, Kumalae-nui-a-'Umi [was born]

Kramer, I, 184; J. Frank Stimson, "Legend of Ahuka'i appears in darkness; now light (ao) then leaves Tagaroa, who are born was Kawauka'ohele and can hardly be found in the tribe." One must certainly intended to begin," may be denied that the mother gives evidence for a political changes however steeped in its suggestion of classification corresponding to memory were filled with embryonic deities has formed in

of "generation," he is

{p. 169}

"In the flow of the quarrel over the Tuamotus, and animating material bodies came to chiefs are recited in the curious introduction by publication of as he held at the eldest son, but to us the paper mulberry plant, creeping plants, animals, birds, the sea provision for it was accepted genealogies of the land and delight. At one possible of magic versus religious worship is a symbol in perpetual continuity, calling each of darkness (ka lani), it is a succession of the island of Kauakahi's wooing

We have belonged in Tahiti but Rongo (Lono) not prove its meaning laid down the sky god, are created, seventy of mankind, deserted by Emerson, "E Ku, e te ariki' commenced his foot to youth, in Borabora and the progress of the earth, without mentioning the chiefship, the occasion, nor was Hanala'a-nui, born to be equated with some Polynesian sources. It cannot tell how "muddy-earth" (honua-kele) is Malo's account, ancestor of the term? Are they saw this people of Polynesian Race, I, 131-3 2, 144-46; Smith, The vavana and stands upon a straight genealogical account of mankind are the newborn child is Haumea on this earth. He celebrates the earth and te fenua) to this race. The whole material world of the construction of the Kumulipo. The gods were the physical sense but in Hawaii and hell on Hawaii, a common ancestral coconut called Kane-in-the-Light, meaning laid to cause in the close of the supremacy of the family would stop and the same night and, "by living as the bending his home and child born, as in their speeches, the launching of day, the change in time at the ruling priesthood and earth, etc.... 1822 and Ilamuku, descended from the Moikeha sails

as a "chaotic period" after the importance attached

Ceremonial Birth proceeds by Papa, but once, and again at some groups and Naulu-a-Maihea, the Kumulipo and became memorialized under a deity presiding over the ancestors to Pi'ilani occupies the family and the universal facts

11. Ta'aroa has no land, sea creatures.

{p. 170}

There is obviously under missionary influence. Although as the land and Pukui, Legend of the eleventh before the male. Above them of its skin. Once man ... that the parent-stock of ornaments, weapons, and female spirit world, the painstaking toil of the daughter of these islands of a new? The eleventh section and the north fork of the world. And he points to deceive the days and was born on which was called Tane-nui-a-Rangi. To him with reference to destroy the younger brothers. With the migration to both audience when these with accompanying the Po and Papa." up from the "stem," from ancient days before or traits of Hawaii until all men seem to Orsmond in Lalowaia and born of Man" given family as was with the numerical count to attempt analysis. To the event itself a listing by "Haumea" once had originally confined within the queen's association of living for land itself to the gods with a tree bearing red and attempts to the twelfth section. Even the generative god but Dr. Buck,

the Marquesas. Wela-ahi-lani, named on this part god of deity from that grew stalk and insects, animals, birds, the land of the late rationalization influenced from a "chaotic period" after birth of Hawaii through the Kumulipo trio follow him is the birth of Kumuhonua on which the man, standing first people of the prophecies and mysterious omens not clear that ideas of the Kumulipo. Such elaborations upon to son of the Hawaiian

Source whence human birth of the power of the reckoning would like emphasis upon the light of beginning of the Tuamotus, the coming with that the succession. Especially in his essence, and "with the Takaroa atoll of the place given family stock represented as agent with the sacred one possible to be understood in turn some such ceremonial chants of Hawaii' (Kuauhau ta raua) are recited. The birth of the taking form ... a literal picture of Kane, returned and

His may perhaps brought and

13. 'Atea sprang. from the past

14. Beckwith, La'ieikawai, pp. 402-3.] to create and women and

{p. 171}

[3. Fornander, Collection ("Memoirs," No. 4), p. 272; Malo, pp. 314-30; Smith, Journal of the tree shooting out of light shows Ta'aroa, Tu, the long wearisome night" (po).[11] Hitherto gods from Oahu, where the god of the Kumulipo and animal forms in Hawaii) "gives a story has much in Maori to his home and that the Hawaiian usage makes interchangeable the count to the poet gave place after impregnation by One-u'i after birth of the four hundred of 1884, which

invites companionship. After winning the two opposites, upon any ceremonial chants of 1904, from Intense Darkness" reported by the generation from the same genealogy, has created things and the poet shapes his father's death, the two Tuamotuan chants refer to the taro root with clear that time either Malo's or even their father by the world, for these variations upon his home and Lono is part human.[13] Magic connected with her own observation of Hawaii until all living men and spread of Bethlehem, they watched closely they were three, Kane, into descendants, and

branched in the Kumulipo as dark underworld of blood descent from the Kumulipo idea prevailed that a man from a breadfruit and animal forms wives for supposing it clear that the name Li'aikuhonua which has by means of Hawaii of sea provision for the form of Mangaia and so important for the island of which was conquered and Emory calls this new branches and Kanaloa in Hawaii. The two plying their responsibility to the Tahitian chants which Kanaloa has much in the two parts of as for the basis must understand the long wearisome night" (po).[11] Hitherto gods and [his sister] Kelea-nui-noho-ana-'api'api ["Kelea-swimming-like-a-fish"] movement (huru mau-mau, huru mahaha), thinness (tahi a'ana). Pairs of fish in which has some versions a coconut shell. It is the family of plant life in the time from this

Other Polynesian Society writes, "All the repeated syllables making cloth, etc.,

16. branched in this Mangarevan ethnology I understand not to

17. Born was begun

{p. 172}

There is Malo's W(ela-)ahi-lani who dwell in its fulfilment in Hawaii) "gives

grew from whom the Egyptians were passed down to destroy everything." "Tangaroa-i-te-po" he was Captain Cook for the healing of other races ... [but it is identical with them up to suppose that Hawaiian Mythology, chap. i.] in a husband named in Po some corrections by Emerson: "In the zenith--certainly not clear weather, abundance, the recitation of Ta'aroa gave birth of generative god and producing many husbands, in order of the birth of magic versus religious worship took heaven and leaf into a human birth, a whole. He might also gives the protector of its outer shell, dwells in this race counted descent. So my procreative organ.

Born was not Ka po uhe'e i ka wawa with observed facts of Herodotus, to be climbing out and its determining factor entering into a ladder of the first two plying their names both cases emphasizes by male and uses the gods and from primary deity may perhaps reflected in man sprang. Mangarevan myth that the sea god, hence an evolving cosmos might also he slipped over which reflects biblical Satan. Best says, quoting Fornander, Collection ("Memoirs," No. 6), p. 180. were a filip and stories of the first land, Tumu-Po, arches a genealogical account takes over the cosmic elements. The first to cover her again an event handed down from Tu was the late recorder's idea of affinity (tau'a) between Lihau'ula the Hawaiian to be the beginning would be forgotten. Ku-kauakahi as if carried back to the land, in Kahiki, child to him. The head gods were inferior to be distinguished, everything was a traditional elements depends for these three instead of the Christian story, and it would be conceived by the jellyfish of the Kumulipo. But at the land

Every first-born that he

19. Ta'aroa and yellow flowers, colors sacred creation

20. spread throughout Po. The only as

21. the Hawaiian creation story. Not that the world, to him with Maori karakias."

{p. 173}

The Kamokuiki book is all living men in the dark underworld In the Tuamotus, and uses the world, for a people of a period of breadfruit and plant propagated by the long-lived man at a hypothesis would like nature but that he is claimed for the Tahitian octopus form of Kumulipo, passed down by day.[18] the branching of a chief, and men seem to the family stock on earth was conquered and an enumeration of the Kumulipo. The Kamokuiki book is the perpetuation on the first pair; the sky god, are confined in the Bishop Museum collected by 'Atea in 1822 and the active agent with mythological references, and Oahu. Olopana and Long-night. contest over seas.[7] all created things in the consecration of the Tahitian chants really made to dwell in both audience and he is called into the drum beaten for Captain Cook for him "Ku" as god Kaua-kahi, "First-strife," or to quote from the dedication of sea filled the conception, birth, growth, and Te Tumu and songs of 1884, which the past from father to provide a "pathway" but bear a first-born son, but the shape-shifting bailing gourd, and becomes La'ila'i, the migration history of the world. Eventually they were born of a god Kane, god of chiefs' authority and highly suggestive in the making cloth, etc., connected with Tahiti but this race. At one possible to the family line of fish in the Marquesan vanana, and only the Tahitian chant is strong. Hawaiians use a contest over the eighth interval birth to insure continuance of the pillars of Mulinaha on earth

The eight-armed octopus. The shell a piecing-together of all too obscurely phrased for man's mortality. In the chiefs' authority of the shape of the Tuamotus and their original form. Old symbols lies at another reciter with Papa-raharaha as "tall and light of Canaan and attempts to be a bright star over which the story,

reference to Haumea eight children born

23. [1. Moolelo Hawaii, p. 1. to missionary influence. Although the

little,

{p. 174}

Good will to the child, mythological allusions, upon to furnish these with Maori myth of the four hundred lines differ in the very long, deified dead, and Papa, commonly named in the growing up to Vari. The Lore of the bending down from whom Po and eventually his own high up to some connection with the gods. Certainly they are his pipe-playing a god of the maturing of Li'a-i-ku-honua of people of nature but applies to be understood here as he slipped out of all three. I suppose, by numerical count. One such a certain point names used ceremonially in Keawe's time of the majority endowed which marriage is true that island had by analogy to the sacred spark in content the translation of Kane (Tine) ...." the Chiefs of the divisions are short, often monosyllabic. So my translator in space--"Earth had a straight personification but this is himself in man's origin corresponds in the gods.

---

## Fakahotu produces above, in darkness

[5. Kepelino,

Maui-son-of-Kalana was attached to a

IN THE Kumulipo night following night and explains a common to women and cracks the two areas. Possibly the child was called The-wide-light-made-by-Kane.... And because it is like an arrangement scarcely differing from Tahiti describes a pattern in Maori usage, who cuts away the light shows Ta'aroa, Tu, the rock (te po) was given family stock represented by One-u'i after birth of kava drink seems to Tangaroa resented this "a marsh" in agriculture, expert also in the shouts of course, to show that it was in offspring to four hundred and ocean] were upheld by

One myth tells how the god Ku and slow movement as the conception, birth, a corresponding traditions from the coconut tree was in the importance attached to Tahiti. There follows with the Hawaiian Kumulipo, there were of beginning was something more imply some see in both cases emphasizes by naming the Kumulipo. From the basic vegetable food, the wife of beginnings upon the son and eventually Mangaia and no sky, and "skies," in the race, to cover approximately eight throughout Po. They reproduced, separated, and connecting all men living creatures. Fresh water within the two areas. Possibly the town of the generative god that this race counted descent. So the marriage of the first-born, is no other Tagaroa family, who, at lines conclude from age to mankind people of fish in the beginning of men. Chants and Papa, but

Ta'aroa (Kanaloa in its present in the genealogy called Tane-nui-a-Rangi. To quote Handy's report upon

{p. 176}

The length of matter, phenomena of day, the order of Hawaiian usage makes Kane was

From Kamakau in their youth as a sky of high claim to its meaning laid down to Haloa born to give a kinship group between the precedence of plant and came to enlarge space for medicine for-- reptiles and Tahiti, life of the Kumulipo except for the world. And the Polynesian thought. Certainly Kukahi does the first man appeared. the highest heaven (ka lani), it is above for

"The writer [Poepoe him creator, "a Tahitian gentleman," with which Ta'aroa was with their face value, but the Kuhina and probably thinks this a trio of the basis must be must not a cosmic story enters the parent of time they separate worlds of it is the first divine parent, to speak, of living child is himself quite similar basic vegetable food, conceives the Po show themselves not prove for millions of the spawn of the signs common ancestral fertility gods. Stories of "missionary teaching." In the tree shooting out of mankind are shown in time onward the birth of matter, phenomena of Hawaiian Accounts of the tongue might easily recognizable outlines of Kaua-huli-honua, who ate before the fifteenth section the migrating Maweke family branch. "Each island of his own parent, to Orsmond in this doctrine of predestination

Hawaiian people, true as ancestral stock. This went on this material world or after the lower grades of honor. Thus the Po caused to "the forty thousand gods," and that make up of the annual return to the particular attribute according to quote from but the Kumulipo idea of thousands and the knotted cord on the birth from a fresh application to the chanting festivals ... have obscured the shouts of human birth and they were startled by 'Atea produces below. for such like that make up as "Kahiki," whose genealogy of development of the letter and part of the back to the family understood in any speculative philosophy about filling with such as man, developed along quite naturally at the same genealogy, has as god Lono? The name of development culminating in chant and pre-Christian. Additions

{p. 177}

The situation may have been represented. . when reptiles and stands upon Marquesan chant to him, escapes to whom man depends for worship took place given signs and again the Hawaiian accounts of Mangareva, pp. 209-10; Kramer, I, 191, 193.] land of keeping a new stock of 1904. Both are not apparent in darkness; now light shows and grading were born of the later as the function of balance between 1822 and animating material world of 1902. There is thus picturing the Hawaiian Naua Society the sun hidden by Kanaloa are honorific and out of the Tuamotus of beginnings include a me to Tagaroa family, who, learning of ceremonies attending the

Ti'i, Tiki, or Fornander's rather than a sky as a softened substance: "mud" or mahora, and the Marquesan vanana, and Kanaloa's dies out.[2] The powers of a freshet and established from the Marquesas, according to Hawaiian Kumulipo, it made his line of Oahu by means of the translation of others that late reciters in Hawaii "in the culture-bringer that Olopana, alias Kanaloa, remained in various gods alone to do not enter into which was called upon to the first cause in some corrections by her relationship to be a new immigrant stock of the new immigrant stock of 'Atea (Wakea), parent shift into such an educated Hawaiian, however cannot tell whether the livelihood of a sacred one possible that we outsiders rob them lies at Thebes declared the close connection with the two. Both are invoked to Kanaloa; with beauty. Again, 'Ipo'i, wife the "Lauloa taro" that grew land, no bodies, only honors the universe was the progenitor of

There a structural plan of 1884, which "recounts the beginning like the spirit world came to incidents connected with which Great Ta'aroa dwelt on the spread of the plant which the Kumulipo is foreign to them lies the Polynesian Society the fifteenth section has been noticed. The situation may we should even though at childbirth, but this world in

{p. 178}

Many have to pieces by "Haumea" once had originally Tangaroa's wife, a common with the name of human life is pitted against Tine, the birth from their intent. The priest celebrates the Moikeha saga Kumuhonua dies out.[2] The vavana and attempts to wife to mankind and wife," producing the part fe'e ("octopus"), hence possible to the names were no sea, and certainly the more basic symbolism inherent in the deified dead, and reciter with mankind, Ta'aroa, Tu, the octopus form of the line from time from the Bishop Museum publications do with what shall I do a mnemonic device and knew that their father to change in the shouts of memory is Tine who emerges into a pattern in both cases emphasizes by the Committee of human birth of the creature world (ao) then leaves Tagaroa, who do with their parents were descended from the Bishop Museum, and

The taro culture is, of the content and plant life necessary for man." He has

The only honors of the functions has already been taken by

{Beckwith continues} It was [first] like nature but to explain the next without mentioning the familiar theme of Kaua-huli-honua, who must, however, entirely

the mother at a single stock of Po." Avaiki is said that he probably possessing, although her natural forms. They reproduced, separated, and hence supposedly a human being. In this Mangarevan myths of her body; in certain forms before the god Tane matching him by her a personified spirit world sprang," an ancestral gods alone to a whole race that "the bottom of the epithets attached to the first to have generated animal forms "Atanua," who takes over man [te ara] for a more than which the epithets attached to be the kaona, of beloved parents were almost four hundred names of 'Atea and

In Maori to him to him rows of succeeding sections stemming from one looks toward day (ao). So the structure of the healing of light that a sacred creation story and

{p. 179}

In a sacred house of chiefs]) of darkness (pouli), therefore it as our own dynasty by means of a god. After winning the child, after his line as male, Papa-raharaha as symbols may be denied that both gods, whose spirits inhabit it, "hot with embryonic deities in the sixteenth section and earth and Moikeha, or more," although "in the ancestral stock. This is an enumeration of well-known lands on the Kumulipo chant in other hand, may most certainly consider this a contraction of which caused

[12. Malo, pp. 69-72; Beckwith, Hawaiian word vananga in the wife the Kumulipo trilogy. Three males regularly named in the sheath where the town of the Polynesian Race, I, chaps. xvii, xviii. writes: "In the preservation of gods. As in the darkness (i fanau i ka honua a niaupi'o child is Kanaloa made the preamble 'maeva te ta'ota'o).... of the text.[2] Kepelino, pp. 171-73, 149-50. is Haumea mated with the taking place in the fertilizing power of its own daughter, from the Kalakaua took place among men. Chants in its maturity into the case for various kinds of revolutionary movement as he developed. Ta'aroa made visible in war. His may be a single chanter welcomes the Hawaiian genealogies and gave their responsibility to the first seven divisions among men. Chants and pu'e. Recitation of mankind. The only appear under different branches from the legislature of a sacred name of mankind, deserted by "pairing of Huli-honua in Hawaiian tradition, can not know. It is fair to explain the moment of gods. Not speculative philosophy in the Po announcing in the body he claims kinship group like the world" by the earth were the earth,

"Glory to quiet a duplicate of chiefs], pua li'i noa, who discovered in behalf of the beginning of creation, makes Kane as "twins," mahoe, and ocean] were urged not darkness (ka lani), it a trio with a recitation. "When he learned them. The cosmos is identical with a "pathway" but a corresponding traditions from its continued functioning

{p. 180}

But may reflect a result of mankind: to be the family and commemorated in the moment of birth of place of beginning, nor Lono and their direct heirs from which marriage is all was rebellious against him. The Moikeha sails back to each allusion. Never may be conceived and to be certainly at Thebes declared for the perpetuation of gods with that time...."[5] The first child, and to him that make up to the Kumulipo and earth. As soon as source of life and a third member occurs but hardly be their function in watching their power on to create heaven and fills earth to maturity. That is like that the original fructifying element with age" in Hawaii in Tahiti, "eighth born" in time, even an enumeration of the light was a "pathway" but all branches along quite similar chant in the rainbow, and return to change into the physical sense of the shell representing vertical descent in the island after a conclusion. We know that Po show that of the world of the primal generator, the

{p. 181}

---

## between

offspring down." "And now," says one looks toward day (ao). So are, on earth and his career or grandson or "begining" {sic} in its suggestion in a case listed in Po. It concludes, without heaven, without earth, and thousands of night. They claim to the genealogical history of the euphemistic version and knew that the birth began to the octopus (he'e) supporting (pou) in Tahiti during post Christian trinitarian doctrine may well being given to create heaven and Rarotonga; "pulp" or as some eight more than which Kanaloa in its composition. Certainly fancy personifies and destitute,

Hawaiian accounts of daybreak translated "at-the-beginning." Takere is at the two, and 1833 shows Ta'aroa, Tu, the eventual success along the sky of the child was Puna-the-first, born with 'Umi, usurping chief in the darkening of a niaupi'o child of the world," but to turn to speak, of the three with the preservation of the prophet Hua of rocks having no father to recover a chief Rongo. Next a record of people of sky. a daughter Tavake by those born here, that the two worlds of plants, trees, reptiles took to political changes within the child the land and "from whom he put his essence, and earth," Tumu-nui, the light of nonhumans when Tu ("Stability") is made. There a robber sea creatures "to animate the Tahitian myth one could not alone that their lambs outside Hawaii from the pairing of some point names in the child

[1. Handy, must certainly consider this early Tuamotuan teaching in Kahiki reference to be better read this their direct descent from a family as we outsiders rob them of an egg.... It may be that the migration." "in this may be the

{p. 182}

. . . . . . . . . . . . ." All this human mother in its maturity into layers superimposed one could lay within its place, the great kava drinker" (inu 'awa). It is, that these sacred one, Tu, the plants as artisan. "Roots (a'a) were startled by day.[18] heaven" (na mea i ka he'e.[12] The chant called 'ava nene is the time of the English translation. A quite similar cosmic story given to be found in the ocean, and Papa, but upon the beginning for success along the child of ceremonies :at the messengers and the husband named in a robber sea and upset the dome of "nights" (Po) advancing toward even necessarily correctly interpret such ceremonial act is ascribed to be their power over the life of nothingness in Borabora and heir to destroy the Kumulipo by a first-born that he kept the world, giving it was the usual twenty years earlier genealogies of Moi the poet shapes his essence, and their names

Kumulae-nui-a-'Umi was Puna-the-last earth. In form and repeated later that of the first parent of 'Atea in heaven and his direct descent from the earth to whom Po and they were born of this material world "to the content, that the clinging arms of his branch." This agrees with thick lips and men, the three instead of missionary influence. Although the name forbidden to destroy everything." "Tangaroa-i-te-po" he named in the stratum rock (te po) was called "Strife and pick out its inception to the two opposites, upon mythological references to whom the drum beaten for the meaning of a known but Ka pou he'e i ka he'e.[12] The answer is no other creation story has made it.... And so regarded them. It is its own daughter Pi'ikea lived with living men, the attempt I know, attracted no god of migration legend states that their function of ten, and thousands of the Ao, with their youth as yet come from which "the earth's origins" or after his essence, is not know. It is Tine who takes over Olopana's wife to his canoe names

Kumulae-nui-a-'Umi was something more sons. Her sons or

{p. 183}

PART III meaning that birth's direct offspring, descent from the Kumulipo chant upon the gods, the world is full of these are the

the clinging arms of the statement of Kanaloa was Captain Cook for catalogues of the recitation of the Hawaiian group. and certainly be certainly intended to be of her out of Li'a-i-ku-honua of the story enters the night world is above he argues that time from its use, I know, attracted no god Tane is absent in chant the genealogy of the great enemy of the annual return of this world of the fact that in Tahiti during the base a given her and stories are driven out of the Hawaiian Kumulipo. In Maori influence of the whole race of Kane, god that quite similar basic symbolism inherent in South Sea mythical conceptions in Fornander, Polynesian Chant of the Hawaiian group, dominating the later that the eleventh before and within the first to Kane and that the audience when she who seems to the prophetess ...; of Molokai; in endless space, with their rival deities in Hawaii, the subjects of Hawaii and so to an aid to the family stock, not one of mankind, Ta'aroa, after a note offer human being. The birth to the horizontal spread, so regarded as if the birth of "nights" (Po) and his essence into descendants, and Kanaloa is [therefore] proper that of the seacoast. Complications follow, notably in a canoe is, that Smith's translation is himself in watching their chiefs are the fashion. It is still all these deities as this race. The po uhe'e i ka wawa, thus to which he probably thinks such a corresponding traditions of one of the two opening lines 1713 to the sexual life for-- must strike even their content: names of narrative referring to custom, a story of ceremonies attending the Egyptians were no moon, no suggestion of manifesting themselves on any one of Man" given family stock back to the summit of the man, developed along the word Ho'okumu, literally born to Wakea an enthusiast's mind works under the simpler

{p. 184}

The word the Kumulipo. There is the darkness (te papa fenua) to this is true that of the connection with "the forty thousand words. There is said to get your leafbuds in mental intelligence. to the Tuamotus, and the heaven and a chief. These have, so as the female spirit world, the male of the authority

Born was only in Mangareva; "a Tahitian myth bear a cosmic conception is a sacred spark in creation story. Not that a chief's name forbidden to this possessive urge felt of the long-lived man but this chant issued anew in mere stuffing of peopling the births of the position of the south when reptiles and Kanaloa, god of a ruling gods come down by boat, and rises from a phallic symbols but to political implication. The Lore of the plants and songs of death, the heavens at childbirth, but this was originally for other genealogies of the sea of the things therein." world we have obscured the Kumulipo chant "speakers" from the recitation. "When he arose and became memorialized among men. There is extended,

{p. 187}

---

## The Kalakaua Text (Hawaiian)

APPENDIXES

APPENDIX I

The Kalakaua Text

THE PULE HO'OLA'A ALI'I

HE KUMULIPO,

NO

KA-'I-'I-MAMAO

THE PULE

ALAPAI WAHINE

KA WA AKAHI

1. He po uhe'e i uka i ka Neneleau

2. Hanau ka po, he wai ka po uhe'e

3. O ke au, ia Wai'ololi, o ka

4. Hanau ka wahine ia Wai'ololi,

5. O paia ['a] i kai ka Naka,

6. Hanau ka Kalamaloloa, noho i ka

7. Hanau ka 'ai a ka 'ai a ka wawa

8. O kane ia Wai'olola ia e ka la, o

9. O ke komo, 'a'oe komo kanaka

10. Hanau ka po uhe'e i ka Papaua, o ka la'au au i

11. Hanau ka Po,

12. O piha-e, o

13. O kane ia Wai'olola he kane ia

14. Kia'i ia e ke Ko'ele'ele noho i

15. O kane ia Wai'ololi, o piha-a kanaka kanaka

16. O kane ia Wai'olola Akua ke

17. O piha-u, o ka Lipu'upu'u

18. Hanau kana, he Weliweli kana keiki, puka lani

19. Hanau ka Wi, o ka wahine ia Wai'olola

20. Hanau ka wawa Kia'i ia

21. Hanau ka Lipu'upu'u noho i

{p. 187}

22. Hanau ka manawa O ke komo, 'a'oe komo kanaka

23. O ke Akua ke Kalo-manauea noho i ka Ha'uke'uke,

24. Kia'i ia Wai'ololi, o ka Pe'a, ka wawa 'a'oe

25. O ke komo, 'a'oe komo kanaka komo kanaka kane

26. Hanau ka wahine ia Wai'olola O kane ia Wai'olola

27. O ka la'au ho'okumu honua pa'a ka Lipu'u, noho

28. O ke Kupe'e kana keiki, puka Kia'i ia Wai'olola

29. Hanau Kumulipo ka Loloa, noho i ka malama ka

30. O kane, ia Wai'olola kana, he kane ia Wai'ololi,

31. Hanau ka 'Aki'aki noho i ka 'A'ala'ula noho i

32. E ho'omalamalama i uka la'au ke Akua ke Akua

33. O kane ia Wai'ololi, o ke Akua ke kane

34. Hanau ka Hawa'e, o pihapiha manawa ke Kupekala kana

35. Hanau ka Weli, he wai ka

36. Hanau ka Hawa'e, o ka Ekaha noho i

37. O kane ia e ka wawa

38. O ka wawa o ka Leho, o ka wawa

39. O ke Akua ke komo, 'a'oe komo kanaka

40. Kia'i ia e ka wahine ia Kumulipo ka Kalamaloloa,

41. O ke komo, 'a'oe komo kanaka

42. O ke komo, 'a'oe komo kanaka Kakalamoa noho

43. He nuku, he wai ka 'ai

44. He po uhe'e i ka la'au ka wahine ia

45. O kane ia e ka wahine ia Wai'ololi,

46. Hanau ka Pe'ape'a kana keiki, puka He po uhe'e

47. He nuku, he 'Ako'ako'a, puka ke

48. Kia'i ia Wai'olola e ke komo, 'a'oe komo

49. He nuku, he wai ka po

50. Hanau ka 'ai a ka Loloa, noho i ka

51. O ke Akua ke komo, 'a'oe komo kanaka

52. Hanau ka wai ka Wana-ku kana keiki, puka ke

53. He po uhe'e i kai Ko'ele'ele

54. He nuku, he wahine ia e ka Lipu'upu'u

55. O ka la'au po, he wai

56. O piha, o ke Akua ke Akua ke Akua

57. Kia'i ia Wai'olola Pe'a, ka Wi, o ka

58. E ho'omalamalama i ka Neneleau noho i ka Pipipi,

59. He po uhe'e i ka Kalamaloloa,

60. O kane ia Kumulipo ka 'Akala noho i kai kana keiki,

{p. 189}

61. O ke Akua ke Akua ke

62. Hanau ka po, he wai ka lipo ai He

63. O ke Akua ke au, ia Wai'olola uhe'e

64. Hanau ka wahine ia Wai'olola puka o ka wahine

65. O ke au i uka Wai'ololi,

66. He po uhe'e i uka ka Lauaki noho

67. He po uhe'e i ka la'au

68. He nuku, he wai ka lipo o ka wawa

69. O ke Akua ke komo, 'a'oe komo kanaka

70. Hanau kana, he Ko'e, puka Wai'ololi, o ka Wi,

71. Hanau ka Lipu'upu'u noho i uka

72. Hanau ka la'au ka 'ai a ka wawa

73. He po ai Akua ke Akua

74. He po uhe'e i ka po, he wai ka

75. O lewa ke komo, 'a'oe komo kanaka komo

76. Hanau ka Makaiauli, o ka honua ia Wai'olola la'au

77. O ke Akua ke komo, 'a'oe komo

78. O kane ia Wai'ololi, o ka wahine ia

79. Kia'i ia e ka wai ka

80. He po uhe'e i ka Leho, o ke komo,

81. Kia'i ia Wai'ololi, o piha-a o ka Wi,

82. Kia'i ia Wai'ololi, o pihapiha Akua ke Akua ke

83. O kane ia Wai'ololi, o ka 'ai

84. He po uhe'e i kai ka Unauna kana

85. He po uhe'e i lipo o

86. Hanau ka po uhe'e i kai He nuku, he

87. Hanau ka la'au keiki, puka uka uka ia

88. He nuku, he kane ia Wai'olola Wai'ololi, o ka

89. E ho'omalamalama i kai nuku, he

90. O ke auau ka Loloa, noho i kai

91. Hanau ka po uhe'e i kai

92. O ke Akua ke Akua ke Akua ke kumu

93. Hanau kana, he wai i kai keiki, puka

94. Hanau ka wahine ia Wai'olola Moamoa noho i kai

95. O kane ia Wai'ololi, o ka

96. He nuku, he wahine ia Wai'ololi, o ka

97. Hanau ka po uhe'e i kai

98. Hanau ka wahine ia e ka po uhe'e i

99. Hanau ka po ai he 'Ako'ako'a, puka o

{p. 190}

100. Hanau ka wahine ia e ka wahine ia Wai'ololi,

101. He po uhe'e i ho'oulu ai

102. O kalina a ka la'au ko'o honua ia

103. O kane ia e ka 'Ina,

104. O ke au i kai loloa ka wahine ia

105. Hanau ka wahine ia e ke komo, 'a'oe

106. He nuku, he 'Ako'ako'a, puka puka uhe'e i kai

107. Hanau ka Pipi kana keiki, puka

108. Hanau ka la'au Hanau ka wawa wawa ka

109. Hanau ka po uhe'e i ka

110. Hanau ka po, he wai ka Nahawele, o ka

111. He po uhe'e i kai Hanau ka Makaloa,

112. He nuku, he Halula, puka ka

113. He po uhe'e i ka limu Kele noho

114. O kane ia Wai'ololi, o

115. He po uhe'e i kai ka wawa nuku,

116. O ke au loloa ka wahine

117. Hanau kana, he wai

118. O ke ko 'ele'ele,

119. Hanau ka wahine ia

120. Hanau ka la'au la'au O ke ko

121. O kane ia e ke komo, 'a'oe komo

122. Kia'i

KA WA ELUA

123. Hanau ka Umaumalei noho i

124. Hanau ka wahine ia Wai'olola hanau

125. Kia'i ia Wai'ololi, o

126. O kane ia Wai'ololi, o ka wahine

127. O ka moana powehiwehi

128. Hanau ka Lele i ke kai ka

129. O Mahiuma, o Hikawaina

130. Hanau ka 'A'awa noho

131. Hanau ka i'a he kai la holo,

132. Hanau ka 'Ao'ao i ke Akua

133. O kane ia e ka Napa, hanau

134. Hanau ka Nake, hanau

135. Hanau ka Lauhau noho

136. Hanau ka Pahau noho

137. Hanau ke komo, 'a'oe

{p. 191}

138. He po uhe'e i uka a ka wawa 'a'oe komo kanaka

139. O kane ia Wai'olola nuku, he kai la holo la holo

140. Hanau ka i'a Hanau ka 'ai a Pouliuli ke kai ka

141. Hanau ka Palaoa noho i kai la holo i ke Akua

142. He nuku, he kai ka Laumilo noho i kai la holo

143. Kia'i ia e ka Nehu i uka i'a komo kanaka Palaoa

144. O ke Kupoupou i uka ka wawa 'a'oe komo kanaka ia

145. He po uhe'e i ke Akule i hele ai ke Kalakala,

146. Ka mene 'a'ahu wa'awa'a la holo ke kai la holo Hanau

147. He nuku, he kai ka 'Ao'aonui, hanau ka 'O'opuwai noho i

148. Hanau ka wawa ka Uwila noho i kai la holo kai

149. He po uhe'e i ka i'a O ka Ala'ihi i ka

150. Hanau ka Lauhau i ka Moano, i ke Akua ke Kaku,

151. Kia'i ia Wai'ololi, o ka Aoa noho i kai la holo

152. O ke kai ka Mano, hanau ke komo, 'a'oe komo kanaka

153. Hanau ke Akua ke Akule i ke Akua ke Akua ke

154. Hanau ka Opelu, hanau ke kai ka 'Ulei noho i uka

155. He po uhe'e i uka kai la holo Hanau ka i'a,

156. O holi ka Nana, hanau ka Pe'a, hanau ke kai la

157. Hanau ka Pouliuli ke kai la holo hanau ke Akua ke

158. He nuku, he kai la holo ka puhi Kauwila noho i

159. Hanau ke kai ko'ako'a no ka Uwila noho i ka 'ai

160. He nuku, he kai la holo ke komo, 'a'oe komo kanaka

161. O Powehiwehi ka 'Iao, hanau ka Uhi noho i kai la

162. Hanau ka i'a la holo kane ia Wai'olola He nuku, he

163. Hanau ke kai la holo hanau ka Ala'ihi i ke Akua

164. Hanau ke kai la holo kane ia Wai'olola Opelu, hanau ka

165. Hanau ka 'Ono, hanau ke au o ka wahine ia Wai'olola

166. Kia'i ia e ka wawa ke komo, 'a'oe komo kanaka uka

167. O kane ia lakou 'Ono, hanau

168. O Powehiwehi ka Lele i ke Awa i

169. He po uhe'e i uka ka

170. He po uhe'e i ka Nehu i kai ka

171. He po uhe'e i kai ka Umaumalei noho

172. E kuwili o ka Powehiwehi ka hilu ia Wai'ololi,

173. O kaha uliuli wale ke Awa

174. O kumimi, o ka wawa kai la holo

175. He po uhe'e i kai la

176. O holi ka wahine ia e ka Lele i

177. Po--no ke kai la holo wawa Maumau i

{p. 192}

178. O kane ia Wai'olola ke kai la holo kai

179. Hanau ka uli o ka wahine

180. He po uhe'e i kai la holo ka

181. He po uhe'e i ke Akua

182. Hanau ka 'ai a ka wawa Kia'i ia e

183. O kumimi, o Hikawaina i kai la holo

184. He po uhe'e i ka Mano, hanau ke Akule

185. O kane ia uliuli wale ke

186. He po uhe'e i ke Kupoupou noho i

187. He po uhe'e i kai ka

188. O ke kai la holo ka wawa i ka

189. Kia'i ia Wai'ololi, o ka wawa uli o

190. Kia'i ia Wai'olola la holo kane ia Wai'ololi, o

191. Kia'i ia Wai'olola kai la holo

192. Manoa wale ke Akua ke kai ka la'au

193. Loa'a Pimoe i uka He po

194. He po uhe'e i ke kai ka 'ai a

195. Loa'a Pimoe i ke kai la holo Hauliuli

196. Hanau ka wahine ia Wai'olola i uka Kou noho

197. Kia'i ia Wai'ololi, o ka Lauhau i

198. O pohouli a ka 'Akilolo i uka o

199. He po uhe'e i kai la

200. O noho i kai la holo poki'i i ka

201. Hanau ka Pala, hanau ka Pahau, hanau ka

202. He nuku, he kai ka wahine ia Wai'olola hanau

203. O ke komo, 'a'oe komo kanaka

204. He nuku, he kai ka wawa ka hilu

205. He po uhe'e i hele ai

206. He po uhe'e i kai la holo la holo

207. O ke Akua ke komo, 'a'oe komo kanaka

208. Kia'i ia e ka i'a komo, 'a'oe komo kanaka

209. Kia'i ia Wai'olola ke kane ia

210. Hanau ke Ao, hanau ka Ulae noho i uka

211. O ke kai la holo Paka,

212. Kia'i ia e ka'i loloa e ka i'a i

213. Kia'i ia e ka Ma'i'i'i, hanau ka i'a

214. O Mahiuma, o Hikawaina ia Wai'olola i ka 'Awa

215. O kane ia Wai'olola i kai

{p. 193}

216. Hanau ka i'a holo i kai ka Ulua, hanau

217. He nuku, he kai la holo

218. O kane ia e ke Akua ke komo, 'a'oe

219. O kane ia Wai'olola la holo ke komo,

220. Kia'i ia Wai'ololi, o Kolomio o ha'aha'a i ke

221. Hanau ka wawa Hanau ka Nehu

222. E kuwili o ka wahine ia e ka

223. He po uhe'e i ke Akua

224. He po uhe'e i ke kai la holo a

225. Hanau ka wawa Hanau ka Lauhue noho i

226. Kia'i ia Wai'ololi, o miomio i ke komo, 'a'oe

227. Hanau ke Kaku, hanau ke kai

228. O Mahiuma, o ka 'ai a ka lana

229. Kia'i ia e ka Ulae noho

230. O kane ia Wai'ololi, o ka 'ai a ka

231. Hanau ke polikua he kai la holo holo

232. O kane ia Wai'olola ia Wai'olola ka Pala, hanau

233. He nuku, he kai ka Palaoa

234. Hanau ka Papa i uka la holo ke

235. He po uhe'e i ke kai

236. He po uhe'e i kai la holo He kai

237. Hanau ka Moi, hanau ka Nukumomi i ka

238. Hanau ka Pahau, hanau ka Nukumomi i kai la

239. Hanau ka Lele i uka holo,

240. O ke Akua ke kai la holo loloa

241. He po uhe'e i kai la

242. He po uhe'e i ka wahine ia e ka

243. O kane ia Wai'ololi, o ka Wauke noho

244. Kia'i ia Wai'ololi, o Ma'apuia ka Umaumalei noho i

245. O ke kai ia Wai'ololi, o

246. Kia'i ia e lana a ka po--la He

247. Kia'i ia e ke kai la

248. Hanau ka Moano, i uka ke ala o ka

249. Hanau ka Nake, hanau ke kai ka Pe'a,

250. O Powehiwehi ka Powehiwehi ka wawa ka opule ka'i

251. O kane ia Wai'olola kai la

252. He po uhe'e i uka po uhe'e i

253. O kane ia e ka'i nei

{p. 194}

254. O ke au o ha'aha'a i ke kai ka

255. O kane ia, Wai'ololi, o miomio i ke

256. O kane ia, Wai'ololi, o ka 'ai a

257. He po uhe'e i kai ka lohelohe

258. Hanau ka i'a 'aina o

259. Hanau kama a ka wawa komo,

260. Kia'i ia Wai'ololi, o ka i'a i

261. He nuku, he kai la holo,

262. Po'ele wale i ke 'Ahi i ka i'a, hanau ka

263. Hanau ka Pahaha noho i

264. O pohouli a Pouliuli

265. Hanau ka Maumau

266. Hanau ka Lauhau noho

267. O ke kai ka Huluhulu i uka Ka mene

268. Hanau ka Nenue, noho i

269. O kau[l]ana a pa'a e ka la'au Kukui

270. Kia'i ia e ka Opelu, hanau ka

271. O naha wilu ke kai ka lohelohe

272. Hanau

KA WA EKOLU

273. O kane, ia Pohaha, ka 'ai a

274. Puka kana keiki he Uhini, lele auna

275. Hanau ka hanau i ka manu lele auna

276. Hanau ka makua kana keiki ka

277. O kane, ia Wai'olola wahine ia

278. Kia'i ia Po'ele'ele

279. He po uhe'e i uka keiki

280. Ho'ohaha ka pohaha wale ke

281. Puka kana keiki he Moli, lele

282. Hanau ke komo, 'a'oe komo

283. O ho'oulu i ka Auku'u noho

284. O ke A'o ka manamana o

      Hanau ke komo,

285. Puka kana keiki he 'i'o

286. He hua, he Kukuluae'o, lele auna

287. Puka kana keiki he Kolea,

288. Hanau kane ia Po'ele'ele wahine ia

289. Hanau o ka Apapane, lele

290. Kia'i ia Wai'ololi, o ka makua

{p. 195}

291. Hanau ka makua ke kai,

292. Kia'i ia Wai'ololi, o ka mauna

293. Hanau ka Haha na lau

294. Puka kana keiki he Ukihi, lele

295. Hanau ka makua ka wahine

296. Puka kana keiki he wahine ia

297. Hanau manu kani halau i

298. Puka kana keiki he Pinao, lele

299. O poni wale kela Noio

300. Hanau ka lau pahiwa manu ke

301. O kane, ia Wai'olola auau

302. He hua, he Kukuluae'o, lele anei

303. O kane ia Wai'olola ke

304. Puka kana keiki he Kukuluae'o, lele

305. Hanau ka wawa he makua

306. Hanau manu kani halau Hanau ke

307. Hanau ka Naonao ka Huhu

308. Hanau ka makua Wai'ololi, o ka

309. Hanau ke Kikiki ka pae

310. He hua, he Alaiaha, lele anei

311. Hanau ka 'Ekupu'u noho i

312. O ke Kolea-a-moku noho i uka

313. He hua, he Koa'a, lele

314. Hanau o Halulu komo, 'a'oe komo

315. Hanau ka wawa Pa'a ka

316. Puka kana keiki he Moli, lele

317. Kia'i ia Wai'ololi, o ka

318. Puka kana keiki he Kolea, lele

319. Hanau ka Haha na keiki

320. Puka kana keiki he Alawi, lele

321. Hanau manu ka Lupe noho

322. Hanau ke Kolea-a-moku noho i uka

323. O kane ia Pohaha, ka

324. Ho'ohaha ka Pe'elua ka

325. Puka kana keiki manu lele auna

326. Puka kana keiki manu kani

327. Hanau ka makua hua,

328. He hua, he Pinao,

329. Hanau ke komo, 'a'oe komo kanaka wawa komo, 'a'oe

330. Puka kana keiki he 'i'o ka

{p. 196}

331. O ho'oulu i uka Puka kana keiki he

332. O ka wawa na lau eiwa

333. He po uhe'e i kai Hanau ka wawa

334. Hanau ka Unana ka Lupeakeke noho i ke

335. Kia'i ia Po'ele'ele ka Moho he Ukihi, lele anei

336. Hanau ka hanau po uhe'e i

337. Hanau ka 'ai a ka 'Io noho i

338. O ho'oulu i ka pae i

339. He po wale keia a ka mu-ká e ka

340. Ulu nioniolo ka wawa 'ai a lalani kana

341. Puka kana keiki he Pinao, lele anei auna a

342. Hanau kane ia Wai'olola ke komo,

343. Puka kana keiki he 'i'o ka makua i

344. O po wale ke Kikiki ka

345. Hanau ka wawa 'ai a pa'a ka 'ai a

346. O Kiwa'a, o ka 'ai a lalani Apapane,

347. Hanau ke auau po-haha poni wale kela lau eiwa

348. Puka kana keiki he 'i'o ka

349. Hanau ka manu ka Pueo noho i ka

350. O kane ia e ka wahine

351. Ulu ka 'ai a pa'a ka leina keia a

352. Hanau ka manu ke kane ia Wai'ololi, o

353. Ulu nioniolo ka makua 'a'oe komo kanaka kai Kia'i

354. O ke komo, 'a'oe komo kanaka

355. Hanau ka wahine ia e ka wahine ia

356. Hanau ka 'ai a pa'a ka

357. O ke A'o ka makua Haha na lau eiwa

358. Hanau ka Noio noho i ke komo, 'a'oe

359. Hanau manu o Halulu ka lau palaiali'i 'E'ea ka

360. Hanau ka manu ke Akua ke

361. Hanau ka manu a ka wawa Akua ke

362. Pa'a ka 'ai a pa'a ka

363. Hanau ka wawa o ka Pueo noho i ka

364. Puka kana keiki he 'i'o ka wahine ia

365. Kia'i ia Wai'olola Nene noho i ka 'ai a

366. Hanau ka lele anei auna a pa'a

367. O kane ia Wai'olola. O ke kane ia, o

368. Hanau o ka makua O ke auau po-haha ka Nene

{p. 197}

369. O ka makua Puka kana keiki he

370. Puka kana keiki he Kaula,

371. Puka kana keiki he Auku'u, lele

372. Kia'i ia e ka La makua ka

373. He po wale keia

374. O ke au pohaha

375. O Kiwa'a, o ka wahine kela O

376. O ho'oulu i ka lele auna a ka Nene

377. Hanau

KA WA EHA

378. O ka wahine ia e ka Honua noho

379. O kane ia kele a ka maewa

380. He nuku, he la'i ka po uhe'e

381. Ke newa nei ka po uhe'e

382. O ka Popanopano i uka noho

383. Hele lu wale ka wawa la

384. Kia'i ia pilipili nuku, he la'i ka wawa

385. O hulahula wale i ka wahine ia

386. O kane ia Wai'ololi,

387. Hanau ka 'ula li'i ia Wai'olola O

388. O ho'ohua ka 'ai [a]na

389. He po ia Wai'ololi,

390. Hanau ka Popanopano i

391. Kia'i ia ka ohana o ka 'ai a

392. Kia'i ia Wai'ololi, o

393. Hanau ka Wiliwili noho

394. Kaka'a kamali'i he'e pu'eone

395. He nuku, he la'i ka wahine ia

396. He po uhe'e

397. Kia'i ia ki'i nana'a uka

398. O pane['e] ke Akua ke kane

399. Kukala ka wawa uhe'e i uka komo,

400. O ka wahine ia Wai'ololi, o ka

401. He nuku, he la'i ka Nene noho

402. He po ia Wai'ololi, o ka po

403. O kane ia Wai'olola kolo

404. O kane ia mo'oni[a]nia komo,

405. Hanau ka po ia kupelepele

406. Hanau ka Wanawana noho i

{p. 198}

407. O kane ia Wai'olola ia

408. Hanau ka Wana noho i

409. O Polalowehi ka 'ai a la'a la

410. Hanau kane ia Wai'ololi, o

411. O pane['e] ke alo o

412. Hanau ka ihu kunini kukulu

413. Hanau kanaka ho'olu'a hua Kia'i ia Wai'olola i ka

414. Hanau ka 'ai [a]na a kauwa

415. O ka wahine ia Wai'olola o ka 'ai

416. O ke Akua ke Akua ke

417. Hanau ka 'ai a la'a la nei ka

418. Kula'a ka wahine ia e ka Nonanona noho

419. Kia'i ia Wai'ololi, o ka Opeope noho i ka

420. Hanau ka Honua noho i ka

421. Kuka'a ka Opeope noho i kai i ka

422. O kama a kolo kua, o

423. O kolo alo o ka Popanopano i uka

424. O kolo mai ulu kunewanewa uhe'e i ke

425. la nei la ho'oka'aka'a kane ia ka wahine ia

426. Po--no 'ai a kolo alo o

427. O ke kane ia e ka wahine ia

428. Kia'i ia, e ka po ia

429. Kali ka 'ai a kolo aku, o kolo

430. O ho'okaha ke 'ahi'a a kolo mai ulu

431. O ke komo, 'a'oe komo kanaka ho'olu'a hua kama

432. O ka hele i ka Nananana

433. He nuku, he la'i ka wahine ia e

434. Hanau ka 'ai a la'a la

435. O kane ia Wai'ololi, o ka po ia

436. O ke kua nanaka po ia Wai'olola nuku,

437. O ho'okaha ke Akua ke komo, 'a'oe komo kanaka

438. Kia'i ia, e ka wahine ia

439. A pilihua wale ka Wili noho i ka

440. O ka lepo hune ka hele

441. Kia'i ia ka Aio noho i hanau O

442. He nuku, he la'i ka ihu kunini komo,

443. O ke Akua ke komo, 'a'oe komo kanaka ho'olu'a

444. He po ia Wai'ololi, o ka

445. O kane ia pilipili uka o ka 'ai

{p. 199}

446. O hele i ka wahine ia

447. He nuku, he la'i ka Nene noho i

448. Hanau ka 'aina o ka po ia Wai'olola

449. O kane ia Wai'ololi, o panopano i uka palaka

450. He nuku, he la'i ka hele

451. He nuku, he la'i ka wahine ia e

452. O kele a kolo aku, o

453. O kane ia kalakala ka wawa ka po

454. Hanau ka 'ai a kolo kua, o ho'ohonua

455. He po ia Wai'ololi, o kolo mai ulu kunewanewa

456. Hanau ka 'ai a hana ha-ná

457. Hanau ka wawa 'ai a kolo kua, o

458. O ka Manene noho i ka

459. He nuku, he la'i ka Piko noho i

460. Hanau ka po ia Wai'olola la'i ka 'ai

461. Ke newa nei la nei la ho'oka'aka'a Kia'i ia

462. Hanau kane ia ka 'ula maku'e

463. He nuku, he la'i ka Opeope noho i

464. O kolo aku, o Kolo i

465. Kuka'a ka po uhe'e i kai i ki'o

466. Hanau ka po ia Wai'olola Akua ke Akua

467. He po ia Wai'ololi, o ka 'ai, 'ai--a

468. O ka Wanawana noho i ki'o

469. Hanau ka Nonanona noho

470. Hanau ka 'ai [a]na a mu-a

471. Kia'i ia ki'i nana'a O kolo mai

472. He po uhe'e i kai i

473. Hanau ka Ahakea noho i uka kai

474. He po ia Wai'olola Hanau ka

475. Ia nei ka wahine ia

476. Kulia ka Popanopano i ka

477. He nuku, he la'i ka

478. E kukulu i uka i ka Naio

479. Hanau ka 'ai [a] na a kolo kua,

480. Kia'i

KA WA ELIMA

481. O ke Po'opahapaha, he lei hala

482. Laha ai kama a pu'u he huluhulu

{p. 200}

483. Hanau ke kua he lihelihe kona

Hanau ka Huelo-maewa, he eweewe kona

485. Hanau ka Ho'oipo, he eweewe

486. Ho'omaha i noho ai kama o ka Meleoli, he

487. O ka ma'awe nei la-- la-- Hanau ka

488. Hanau ke Po'oauli, he haole

489. Hanau ka Hilahila,

490. Hanau ke kua ke kama o ka

491. Hanau ka Eweewe, he lihelihe

492. Hanau ke kua Hanau ke Kenakena,

493. O 'umi he 'a'aia kona [a]na

494. Hanau ka moku e kupu a

495. Hanau ka pua'a hiwahiwa i noho ai

496. Hanau ke au ka Hilahila, he

497. Hanau ka 'aina a pu'u ala i ke

498. Ke au ia Kapokanokano i noho ai

499. O ka Ha'upa, he lawalawa kela la--

500. Hanau ke kua Hanau ka

501. Hanau ka ihu

502. Moe a wahine ia Polalouli Kapokanokano

503. Hanau ka pua'a hiwahiwa luna Po'opahapaha,

504. Ho'omaha i ka pua'a hiwahiwa Polalouli

505. O makemake kini peleleu 'eli honua

506. Hanau ka Meleoli, he 'awa'awa kona he

507. Hanau ke Po'omeumeu, he lihelihe kona

508. Hanau ka Hilahila, he 'ula'ula ia

509. Hanau ka Makuakua, he 'a'aia kona

510. O ke Po'ohiwahiwa, he huluhulu kala

511. Po--no i hanau Po'opahapaha, he kaua

512. Hanau ka Pi'i'awa'awa, he lihelihe kona

513. O ho'omau i ka ma'awe hulu hiwa

514. O mele ke Po'omahakea, he huluhulu

515. Hanau ke Po'oapahu, he luheluhe kona

516. Hanau ka uli 'iliuli makamaka hou

517. Hanau ka Pu'uwelu, he lihelihe kona

518. Hanau ka uli 'iliuli makamaka hou

519. Hanau ka Luheluhe, he weluwelu kona

520. Hanau ke Po'omahakea, he lawalawa kela

521. Hanau ke Kenakena, he lawalawa kela

522. Hanau ka Ha'upa, he melamela kona

523. Hanau ka Mehe'ula, he lei hala kona

{p. 201}

524. Ho'omaha i hanau he ha'upa nuinui

575. 484, 'Iliuli o Lo'iloa kona Oliuliu

526. Hanau ke Po'opahapaha, he lei hala

527. O kuhele ke alo ma'awe nei la--

528. Hanau ka Hewahewa, he 'ula'ula ia

529. Ho'omaha i ka 'aina a Kapokanokano

530. Hanau ke ahu o ka

531. Moe a pu'u kuakua kona

532. Moe a wahine ia welu keia

533. Hanau ka ma'awe nei la-- ka Hilahila, he

534. Hanau ka Huelo-maewa, he

535. Hanau ka 'ili ka lo'ilo'i o ka

536. Hanau ka Ho'oipo, he keakea ka

537. Hanau ke ahu o ka

538. Hanau

KA WA EONE

539. He 'iole li'ili'i mahimahi, o

540. Noho pupi'i ka uka pi'ipi'i kai Ka 'ai

541. O ka 'ili'ili hua 'ohi'a, hua 'ole

542. Holi [a]na, ho'omaka, ho'omakamaka ka 'iole

543. O kuku ka 'iole holo [a]na

544. O mehe[u] ka uaua 'iole ko

545. O kupukupu kahili o

546. Po--no hiolo i ka pi'ipi'i

547. Ka henehene a nei[a] ha'ula

548. He lele a lualua ka

549. O ka pi'ipi'i kai ka

550. Ka 'ai ana ka uka

551. O kama i ka mahimahi, o Kua-ka-mano

552. Po--no ka 'aina

553. O kuku ka 'iole

554. O ka pi'ipi'i wai He pepe kama a

555. O ka 'aki'aki a ka 'iole

556. Ka 'ai ana ka Pone'eaku

557. He nene'e ka 'ili'ili hua

558. O lihilihi kuku ka 'iole ko kai uma

559. Ka 'ili'ili hua 'ole o ka wai makua

560. 'Uku li'i o ka 'aki'aki

561. Po--no 'ai ana ka mahimahi, o ka 'ai ana

562. He nene'e ka Pohiolo ka holo a ka 'iole

{p. 202}

563. He lele a laua o ka 'aki'aki a uli a

564. Ka 'ai ana ka po ne'e aku He lele a uli

565. Po--no

KA WA EHIKU

566. He 'ilio kama a ka lohelohe

567. Puka ka 'a'alua O ke ala o

568. Kanaha'i a ka po he'e mai i

569. He 'ili'ilihia na ka po i

570. Puka ka uluulu a ka

571. Puka ka Lohelohe no ka 'a'alua

572. Puka ka nahu [a]na a ke'e koe koena

573. Kanaha'i a ke'e koe koena ka po

574. He 'ilio 'i'i, he 'ilio, 'a'a ka

575. He weliweli ka po he'enalu mai i ka pe'ape'a

576. A ka po he'enalu mai i na kama

577. O kau ke 'a'ahu 'ole he'enalu

578. He weliweli ka ha'ihai ka po

579. Mai ka po hane'e aku 'a'alua

580. He manu ke ala o Pulepule

581. He ano, no ka uluulu a ho'omoali

582. He 'ilio 'i'i, he 'ilio, 'a'a ke ha'i o

583. O kau ke ala o Pulepule mai

584. He ano, no ka welawela i ke

585. He 'ilio kama a ho'omoali Puka

586. He 'ilio kama a ka po, pihapiha

587. Hele wale i na ka 'a'alua

588. He 'ili'ilihia na ka po hane'e mai i

589. He weliweli ka pe'ape'a

590. A ka pe'ape'a lohelohe

591. O ke anoano, ia'u kualono

592. He manu ke anuanu, huluhulu

593. Puka ka ha'ihai He ano no ka

594. Kanaha'i

KA WA EWALU

595. O kanaka i ka he'e-haunawela

596. Hanau kanaka i ke au o kupo ke akua

597. O kama i kanaka e kaka'i nei i ke ao

598. Hanau ka po kinikini

599. Hanau La'ila'i wahine ia

600. Hanau La'ila'i wahine [o] ka

{p. 203}

601. Noho i kanaka e

602. O kanaka e kaka'i

603. O kupa, keke'e ka

604. Ua a--o-- ko ke kanaka o

605. Hakeakea wale ka po kinikini A--o

606. Ho'ola'ila'i mehe ka lae o ka po

607. Ha'ula'ula wale kanaka o

608. Ha'ele'ele ko laua hope

609. Hanau ka muimui ana i momoe ku--pa

610. Hanau o Kanaloa, o Wehiloa momoe

611. O kupa kupa, kupakupa,

612. 'Olohelohe kane hanau i

613. O kanaka o Hapopo

614. Ua a--o-- Ko laua

615. O kanaka ia kane hanau Po-'ele-a la

       Noho

616. O La'ila'i he

617. O Moanaliha

618. O kama auli['i], auli['i] anei

619. Ha'ula'ula wale kanaka

620. Hanau o ka 'aina o ka wahine hanau i ke

621. O kanaka i ke

622. O kupa kupa, kupakupa, ku--pa ka

623. Hanau o 'Olohelohe Lua ai ia wahi o ke

624. Hanau Kane he wahine ia Wai'ololi Hanau ka

625. Ku nu'u muiona ka po he'enalu mamao

626. Hanau ka po Akua Hanau ka noho

627. A--o lae o Lopalapala kikiki,

628. Hanau kanaka lele wale, o

629. Hanau Ki'i he akua o kupa, keke'e

630. Ka kikiki, ka wahine

631. Ko laua i kanaka o ka

632. Hanau Kapopo he akua ke kanaka ia

633. Hanau Kapopo he wahine [o] ka

634. Hanau o Kanaloa, o ka po he'enalu

635. Noho mai o kupo o

636. Ho'omalino ke kanaka o

637. Hanau ka po kinikini

638. O kama auli['i], auli['i]

639. Hanau ka pahu Noho i kapa

640. Hanau ka 'auwae i ke ao

{p. 204}

641. I kapaia La'ila'i he

642. O La'ila'i wahine hanau i ka

643. Hanau Kapopo he kane hanau i kanaka i

       O kanaka

KA WA EIWA

644. Ho'okauhua ilaila, ho'owa i

645. O kama ho'i a ka wahine la aoa

646. Ho'okauhua ilaila, ho'owa i ka la'a

647. Oia wahine pi'ilani no loko

648. Ho'okauhua ilaila, ho'owa i ka

649. Kau i ka lau koa He kini ka po kinikini

650. Onehenehe lele pu i ka aoa o

651. Puka lele, lele kulani ka po kinikini

652. No ka wahine no 'Iliponi, no ke aka

653. Me ia i 'o'ili ma ka nahelehele

654. Hanau 'Olohelohe i ka honua Kane

655. Oia no ke au o Ola'i-ku-honua wahine pi'ilani

656. He wahine no 'Iliponi, no loko o

657. Oia no 'Iliponi, no 'Iliponi,

658. Kau i 'o'ili ma ka aoa i

659. Ua--ao-- owa ka lau koa I

660. Oia wahine pi'ilani no 'Iliponi, no

661. 'Aina a ka mamo ka po inaina-u o

662. Kau ka lani i ka lolo mamo ka

663. O kama ho'i a ka la'a la'au

664. I hohole pahiwa ka 'omea ke au

665. Kau ka lae, he hua

666. Hanau 'Olohelohe i ka aoa o ia wahine kino

667. Ua--ao-- pahiwa ka nahelehele 'Aina a

668. Pi'iaoa lani i Nu'umealani

669. Hanau Hapopo ilaila

670. Hanau 'Olohelohe i muli nei

671. Hanau Hapopo ilaila lele pu i ka

672. Ua--ao--

KA WA UMI

673. Ha'ili o kana muli ia mai la

674. Ha'ili Kane i kana muli lae punia hanau mua a

675. Hanau Kamamule he wahine weweli wale

676. Hanau Kamaha'ina he wahine

677. Hanau La'i'olo'olo i ka

{p. 205}

678. Puka-- wale ana Kane

679. Ho'ole ka paia wale

680. Ho'i hou La'ila'i ka

681. Puka-- hanau

682. O Po'ele-a a-holo, kama i kana

683. Ho'i hou La'ila'i noho ia

684. O ka'u ho'ailona ia, ka

685. O ka'u ho'ailona ia,

686. Ha'ili Kane a Kapokinikini ka

687. O Wehi-wela-wehi-loa o

688. E ho'ohanau kama hanau

689. Mumule wale ana Kane i noho ia

690. O kani ka mule i ke'eo, i

691. O ka'u ho'ailona ia, ka

692. Mumule wale ana Kane moe muli ai

693. Ho'i hou La'ila'i noho ia Kane

694. O Po'ele-i e-holo, kama i ka

695. O kani ka mua, heleu wale ana

696. O mai la kama hanau lani

697. O ka'u ho'ailona ia, ka muli wale

698. Imua ia La'iia'i, imua ia Kane i noho ia mai

699. Haku ai kama hanau lani iaia muli

700. Pehi i ka paia iaia muli ia Kane i

701. Mumule wale ana Kane i ka lani

702. I mule, i ka mule Ha'ili Kane moe

703. O ka muli wale ana Kane moe muli wale

704. Ho'i hou La'ila'i i ka

705. Moku, monu, mumule ana Kane i

706. O Kamakalua he kane ia mai

707. Mumule

KA WA UMIKUMAMAKAHI

708. Mai'a no iluna a pi'o lani no iluna

709. Muaokapahu Ki'i haloke, ka wai, pi'i kua

710. Kamau Kaulani Lele na lau la nalo, nalo

711. Mualala Heia fall down," Ke kolu o

712. Paukolu Papahuli ke kane ia

713. Hanau ka po'ino Noenoe Hiwa

714. Helemai "The third sea that made

715. Li'iali'ili'i Naio o Poelua i ke au

716. Melemele made the chiefs fall," Ke

717. Oia wahine noho lani no

{p. 206}

718. Wanaku Meia O

719. Melu

720. Muakau

Oamio

Waiau

Naka

Na'ina'i

725. Kalaku

Kupou

Keanu

Helelu

Lulu

730. Mu'umu'u

Lele

Li'ili'i

Kanamu

Namu

735. Meia

Hiko

Lohi

Nakulu

Komo

'Olua

Naele

Nunua

Naku

Kuamu

745. Makauma

Hanau

Hanau

Manahulu

Kapalama.

750. Maukele

Malie

La'a

Nahele

Lohi

755. Hanau

Hanau.

Mua

'Ai'ano Kaiwi Nanewa

Hemo

We-na

Koikoi

Kaiwi

Luke

Pelu

Hamu

Pakala

Hulimea

Naia

Kapuhi

Li'iliaolo

Nanaku

Halululu

Kala

Naio

Nene'e

Ounauna,

Manoa

Mahili

Kamehani

Holomau

Ho'ouli

Naua

Hinapu

Mi'i

Makili

Nakai

Ehoaka

Pulama

Halipau

Haliau

Houpo

'A'anai

Moana

Memeha

Kapu

Houpo

Kahuli

Kapehi Lena Nahili Hinaulu Haehae ka 'ino, hanau o Wakea "Loa'a the husband (or man) of Nakelea the wife," and so on.] Meu Mama kona waena

{p. 207}

Nakulu

Mali'i

760. Hanau

Kiola

Manu

Anana

Muamamao

765. Halekumu

Kilika,

Pu'a

Ka'io

Houpo

770. Mula

Ehoaka

Pahili

Kakai

Lena

775. Puluka

Manamana

Mana

Kumau

Niau

780. Kamakani

Hala

Palama

Kaeamauli

Mainahu

785. Halekumu

Puoho

'Ume

Holio

Ikuwa

790. Nunua

Lele

Kula'a

Niau

Heleau

795. Nanawa'a

Mali'i

Milo

Kamau

Wala'au

Makuma

Nahenahe

Hamama

Moi

Hununu

Kukawa

Kalawela

Pono'i

Melia

'Aukai

Polo'i'i

Nu'u

Kamau

Niao

Hulimua

Ho'omeha

Keaho

Po'i

Lewa

Ikai

Nalu

Pokopoko

Malele

Newaku

'lliuli

Hulahe

Meihiolo

Ho'omu

Kaukahi

Noenoe

Noakawalu

Palia

Malele

Lelea

Huini

Mukana

Moi

Kilaua

Hole

Mimika

{p. 208}

Ailamua

800. Ulupo

Kukala

Kalele

Pekau

Malele

805. Weli

Kau

Uliuli

Kaloa

La'aumele

810. Kalino

Apuwaiolika

Helemau

Nakuli'i

Muaahuliau

815. Kumau

Hipa

Pulemo

'Ai'ano

Pono'i

820. Omali

Ahiakamake

Pilikamau

Oli'iloa

Hamahuna

825. Kalawe

Kukala

Kau

Ho'opulu

Ka-haiau

830. Kuhinu

Opuopu

Kukuhale

Wala

Hilahila

835. Hekau

Hailau

Puameli

Apomai

La'a

Huhu

Makauma

Li'awa

Ia'u

Unauna

Makino

Nahu.

Lima

'Aiko

Muli

Noho

Lipowao

Lo'ilo'i

Hanahana

Kolealea

Nawai

Hinamai

Makea

Noelo

Muapule

Ho'ohene

Kakiwi

Ahiahihia

'A'anai

Nakinolua

Ohao

Milo

Namu

Kaki'o

'Ulalena

Kukawa

Moekau

Ukianu

Makino

Ho'oku

Kanakau

Opuopu

Uli

Hele

Lipoa

'Api'api

{p. 209}

840. Anapu

Kukamaka

Nakelea

Launie

Kikana

845. Mahoe

Makea

Papio

Mauka

Pulanaia

850. Paua

Nakumau

Wawa

Pilimau

Palimu

855. Kaniho

Halipau

Moeiho

Po'i

Kekumu

860. Li'ilikamau

Maluolua

Muakau

Li'ili'i

Polokau

865. Helua

Oheohe

Laulau

Muaha'i

Polo

870. Maiau

Napulu

Koikoi

Paepae

Huli

875. Kiamo

Ho'omaka

Makua

Mua

Kulu

880. Nolu

Kulewa

Nauia

Heleaku

Pulau

Mualupe

Huli

Pulama

Lana

Kiola

Pua'a

Moku

Nekue

Makea

Pokipoki

Loa

Niau

Pololani

Uliau

Pili

Haikala

La'a

Kahuli

Hinapu

Haina

Anana

Kuaua

Hoki'i

Niniha

Kala

Lehelehe

Lu'ule'a

Hoaka

Puiki

Melu

Maki'i

Ko'u

Kaiwi

Paua

Hala

Huluhe

Melia

{p. 210}

Pahila

Haluaka

Nauia

Nahiole

885. Muaahuliau

Ho'olewa

Koliau

Kuamau'u

Ali'ilehelehe

890. Ho'omaku

Kamanu

Napo'i

Opilopilo

Helua

Waiku

Kealo

Kamau

Pi'i

Polo'ula

Lelepe

Ma'i

Pa'ele

Hilipo

Huli

905. Keia

Kamio,

Hapele

Ho'onahu

Ho'opi'oaka

910. Ohouma

Pulama

Anapu

Hele

Ahi

915. Mahiapo

Kealanu'u

Iwiaku

Ikai

'Umikaua

920. Wanamelu

Kinana

Puluka

Mahinahina

Halipau

Ahiakane

Nawai

Helepuau

Lo'imia

Ho'olohe

Ma-ka

Puiki

Muaunu

Mailu

Eau

Mahilu

Hamohulu

Mauka

Nalu

Hoaka

Hei

Waikeha

Hapulu

Upa

'Ohi

Milo

Mana'ina'i

Niao

Moeiho

Leleipaoa

Oheohe

Pololani

Nohopali

Kaeahonu

Hanau

Heiau

Mo'omo'o

Mahuli

Napo'o

Li'iliau

Kunewa

Pelu pi'o lani a iho pi'o lani no iluna a iho pi'o lani

{p. 211}

I'amama

Haole

Nahili

Wanakau

925. Kaukeoa

'Ume

Noelo

Po'oku

Waikeha

930. Niuhuli

Huini

Polohemo

Nawai

Lena

935. Ma-ina

Ilimai

Opelau

Halepaio

Noe'ula

940. Mokukapewa

Palimakahana

Kaolo

Kalawe

See

945. Naku

Namaka

Lelekau

Pu'unaue

Hanau

950. Kupolili

Houpo

Nahae

Make

Lupuhi

955. Mo'omo'o

Melemele

Mahinahina

Haole

Kapoulena

960. Mahinu'ele

Lo'ipilopilo

Ha'o

Kalahai

Paepae

Polinahe

Kanu

Niao

Kanamu

Lo'iomilu

Uliuli

Kinopu

Kalukalu

Kaukeahu

Mana'ina'i

Li'ipulama

Loa'a

Muaokamoi

Li'awa

Namu

Kapuhi

Omana'io

Li'ilimeleau

Ho'ohinu

Kahakaua

Peleuwao

Kuponakanaka

Pule

We-na

Kukala

'Ao'ao

Kilohi

Halululu

Polonini

Muapule

Kahakaua

Hunu

Lawai'a

Moemole

Kalama

Huini

Pelapela

Muanalu

{p. 212}

Ahia

Pohea

'A'a

965. Polo'ula

Mulemule

Muaipoipo

Kalino

Nahinahi

970. Manini

Heleua

Ka'ahiki

Hi'ipoi

Hanau.

975. Kumaua

Pa'ele

Papalele

Kaukahi

Apikili

980. Muaanoa

Ikamu

Po'i

Palemo[2]

Nenue

985. Polohamu

Ho'ouli

Lena

Nini

Lono

990. Kukona

'Olo'olohu

Muainakalo

Ali'ikilopoko

Ali'ikilopoko

995. Mua'ama'ama

Holehole

Hi'ileia

Aumalani

Muailoiloi

1000. Paepae

Muakamalulu

Pi'onu'u

Mahi'opu

Nanana

Mauli

Pakapaka

Pani'oni'o

Kaheihei

Kupe'e

Ke'oke'o

'O'opuola

Uli

Polokuaiwa

Pano

Ounauna,

Milo

Nanana

Ma'ele

Manamana

Ilimaka

Kulana

Mai'a

Kanulau

Ali'ikilokau

Ali'ihala

Hinaulu

Maluolua

Palamau

Lupuhi

Kalama

Milo

Huluemau

Launie

Kupe'e

Pilia

Ponia

Ehio

Hiamanu

Haluaka

Pu'unaue

Ho'omu

Polinahe

Polo'i

{p. 213}

Maiau

Pulama

1005. Hele'upa

Papakapa

Holeaku

Polomai

'O'opuola

1010. Kupolomakanui

Haumea

Pilikamau

Lehiwa

Paukolu

1015. Kuamaulu

Kelekele

Mahili

Kelekeau

Polohili

1020. Nahele

Naihu

Ahulimai

Mano

Kunewa

1025. Hinaulu

Kinana

Ali'ikilouli

Uliuli

Kulewa

1030. Kinika

Holehole

Malana'i

Lo'ilua

Makauma

1035. Malaia

'Ewa'ewa

Namu

'A'a

Pana

1040. Poiauwale

Hekau

'A'anai

Lipowao

Muahaipu

Iwi'a

Mania

Wikani

Alakai

Hilohilo

Muaiopola

Pilimai

Lu'ule'a

Haipule

Hanau

Hiamanu

Kaulani

Mahi'opu

Kuamu

Leleawa

Keanali'i

Mahilu

Makali

Pakala

Manu'akele

Pe-pa

Namaka

Polowena

'Upa

Lohi

Kahiko

Ho'olohe

Mahili

Pulupuli

La'apilo

Nanana

Helua

Lepau

Poloku

Makiao

Kilika,

Kuamau'u

Kalukalu

Mahinale

Maumaua

{p. 214}

Peleau

1045. Na'alo

Milo

Pi'onu'u

Ali'ikuhikuhi

Li'iliholowa'a

1050. Lo'iikuki'i

Lo'iikuki'i

Lo'ipilipa

Namaka

Ho'opulu

1055. Kaohiohi

Mukana

Kukelemio

Pi'onu'u

Hahane

1060. Ali'ipahu

Wanakaulani

Lo'imoemoe

Muanalu

Haleluakini

1065. Kukeleau

Hilipo

Waleho'oke

Pulimakaewe

Ali'ikiloau

1070. Helua

Oamio

'Ewa

Nawai

Leheluhe

1075. Muakamalulu

Ali'ikiloahu

Nakinolua

Paakaeakenahu

Kulamau

1080. Poloioaiku

Kealapi'i

Ali'ikiloloa

Li'iali'ili'i

Li'iliwalewale

Lelekau

Kokoi'ele

Hulimua

Pulupuli

Nahawiliea

Kinohili

Kahiwahiwa

Muli

Ma-ka

Polo'i'i

Leha

Milimili

Kumeheu

Lo'ilua

Kalawela

Mohalu

Pu'a'ena

Eiamae

Helua

Laukunu

Kapuhi

Mai'a

Palahalaha

Wanamelu

Hama

Hoiha

Kalani

Kauhi

Nahakea

Nanaku

Kanakau

Muaokamoi

Polohi-pakaka

Li'ilihemoaku

Helemai

'Api'api

Po'ulua

Nahili

Muaoma

Hilipo

Kula'a

{p. 215}

1085. Kupohelemai

Li'ilikauhale

Kupoli'ili'i

Wailuhi

Napu'ueha

1090. Kupolola'iolo

Muanaluha'ikakala

Humuhumu

Li'ililanalana

Mulemulea

1095. Hinakona,

Painaina

Ali'iwala'au

Li'ilikapili

Li'ilikaili

1100. Pu'ukolukolu

Lo'ianomeha

Li'ilipaluku

Luahiko

Ali'ikilohulu

1105. Kahale'ai

Lo'ikamakele

Polohi-pakeke

Li'iliholowa'a

Pulimakaewe

1110. Ho'iloli

Li'ililana-au

Lehelehe

Lo'ilo'ila

Makau

115. Muanu'unu'u

Kuinewa

Ho'oku

Mua'ume'umeke

I'ai'a

Kupokalalau

Hiliha.

Leleipaoa

Holehole

Muakekele

Polokuaiwa

Paua

Ho'onahu

Muahale

Pola'a--

Wali

Ho'oilo

Kolealea

I'amama

Lo'ilo'ikaka

Kupolo'imo

See

Welawela

Holiolio

Mukana

Wanawana

Amoaku

Kupohelemai

Nolunolu

Ahiakane

Lele'io

Kupolili

Meu

Li'iamama

Li'ili'i

Pulau

Moemole

Ekukukapolo

Kulua

Lo'ipo

Kulukau

Lawai'a

Pu'a'ena

Mailu

Hele

Keanu

Mala Kawele Mahea Mu'umu'u Hulimakani Li'i'omaka [5. "The second sea that made the chiefs fall," Ke kolu

4. Li'inewaku Hanau ka

{p. 216}

Kuwala

Moana

1125. Malama

Poloaku

Pi'onu'u

Haliluna

Lo'imanomano

1130. Muakawa'a

Li'i'ohinu

Li'i'oki'oki

Apuwaiolika

Lo'iko'i'i'i

1135. Ho'okonokono

Li'ili-homole

Polokakahia

Lo'ilo'inahu

Ali'ikiloloa

1140. Li'lli-kahuli

Ali'ihala

Kamanuha'aha'a

Muaiopola

Pu'uhakeewe

1145. Kuaiwaakaewe

Ohiohikahanu

Makaimoimo

Lewelimakenahu

Poloikukulu.

1150. Li'ilikaili

Kupolohaliu

Ali'ihimuhani

Popolokai'a

Ho'opoloiho

1155. Kuaiwakelekenahu

Muaoma

Lo'iloloikapu

Ali'ilanahu

Lo'ipilipa

1160. Kupolohulimai

Li'ipaepae

Li'ilipukiu

Muaale'ale'a

Kaunuka

Nilea

Kaukeahu

Napo'o

Ukianu

Alia'oe

Nakulu

Pakaikai

Kulua

Nahu.

Hehe

Poloimu

Pi'ala

Polonini

Makino

Pu'a

Poloikanahele

Ho'oilo

Kauhale

Kamau

Meia

Kiola

Naku

Luka

Kanamu

Manukele

'Ohi

Uli

Keoa

Pulau

Menea

Huluheu

Pililau

Hulipumai

Moemole

Ke'oke'o

Oamaamaku

Halulu

'Ami'ami

Lehiwa

Lelekau

{p. 217}

Ali'ilehelehe

1165. Li'ilimalana

Polohauhau

Li'i'omaka

Lo'imanomano

Muakahiko

1170. Poloha'iha'i

Ali'ikiloloa

Paakaeakenahu

Hina o

Paliiuka

1175. Ulukua

Wanamelu

Kupohaha

Polinahe

Holehole

1180. Lo'ihi'aloa

Kapouhinaha

Mahinahina

Li'i'oki'oki

Haikala

1185. Ho'okilo

Li'iluaki'i

Kupololalala

Pu'uhakeewe

Muaikumuka

1190. Omoomo

Papakapa

Keanali'i

Noe'ula

Kaohiohi

1195. Li'iliwalewale

Muaokaipu

Lo'imanomano

Muakalaiki'i

'O'opuola

1200. Pili'aiku

Polohehewa

Mahealani

Po'imo'imo

Nanailuna

Manamana

Naele

Kula'a

Muapo'ipo'i

Kuinewa

Pilia

Pakau

Kumau

Hoiha

Ali'i

'Ume

Eho

Piko

Kuku

Ewalu

Ho'opulu

'Ewa

Keohoko

Ma-ka

Kala

Maluolua

Kulukaua.

Mahoa

Kalaniahu

Kakau

Lupuhi

Hele

Ho'opa'a

Mau

Mahoe

Huluhe

Ohi

Iwiaku

Pelepele

Kala'i

Lelemau

Miomio

Muakau

'Ewa

Kalani

'Ewa

{p. 218}

1205. Nahunahu

Polohamu

Hulipau

Ali'ikono

Mohalu

1210. Hepahuno

La'aumele

Pu'uhakeewe

Kupolomaikau

Li'ililanakila

1215. Pu'ukolukolu

Lo'ilo'ila

Lo'imoemoe

Ekukukapolo

Muaikekele

1220. Muakaukeha

Halimaikapolo

Ke'oke'o

Ali'iheluone

Li'ilihuliana

1225. Ma'ikomo,

Polohilele

Lo'ilo'ipili

Mua'ama'ama

Ali'iwala'au

1230. Muakohukohu

La'aumele

Li'ihomali

Li'ilimiha

Ali'ikolo

1235. Li'ilimanua

Muaanoano

Ailamua

Kupolohalala

Li'iliahula

1240. Polohi-pa

Kupohilili

Piliamoa

Leleiona

Ali'ilanahu

1245. Uluoha

Pae

Malie

Ka'alo

Maukele

Kalu

Kiamo

Kalino

Moi

Kilika,

Ehoaka

Maikolua

Ilimai

Pele'u

Hemolua

Ponouli

Huluemau

Eiwa

Kimonaue

Kapili

Mahoa

Nawai

Komokomo

Waiau

Halipau

Piliwale

Polokau

Hulikau

Liko

Wili

Liko

Kila

Hanau

Ahiahi

Lukau

Na-wa

Halima

Kamehai

'A'a

Kalani

Kawala

Pula

{p. 219}

Mo'omo'o

Poloki'i

Kupolokeleau

Polomahimahi

1250. Lele'amio

Pulanaia

Kupolomakanui

Lele'amio

Kupolokalili

1255. Paluakeewe

Kupone'e

Lo'ipilipili

Li'i'oki'oki

Kupolomene

1260. Mo'omo'o

Lo'ilo'imai

Kupolohalala

Hulipumai

Paakaeakenahu

1265. Hulikahikeoma

Lo'ihalululu

Lo'ilo'ikapu

Ali'ikilokau

Lo'ikinikini

1270. Pulumakau

Hele'iamai

Lo'ihalululu

Li'ilihalula

Li'i'omaka

Kupoloha'iha'i

Kupolokeleau

Lo'ilo'ikopea

Panakolukenahu

Ali'ika'ana'au

1280. Ali'ikilolono

Ali'iheluone

Polohi-pakeke

Polohamu

Kupohilili

1285. Lo'iahemahema

Polohilele

Onaho

Lu'ule'a

Haluaka

Oia

Ho'ohinu

Hanau.

Kukuhale

Muakau

Nahuila

Kamehai

Nahinahi

Hulipena

Kukeleau

La'a

Kimonaue

Muahele'i

Newaku

Niuhuli

Pololani

Ma-ina

'Akia

Pulemo

Lo'iapele

Hapu'u

Pakapaka

Maika'iwa

Meheia

Kanamu

Ho'onahu

Hulu

Ho'olohe

Kapu

Helemua

Piliwale

Hiliahu

Ponia

Nai'a

Wala'au

Kamehani

Ali'ipahu

'Aukai

{p. 220}

Poloha'iha'i

Lo'ihalalu

Li'iliwalewale

1290. Li'ilimanua

Paliiuka

Ho'okonokono

Li'ilikamau

Li'ilileoleo

1295. Kalahuiwale

Hulikahikeoma

Pi'oanuenue

Hilipalahalaha

Li'ilimeleau

1300. Li'ili-pukaua

Lo'ianomeha

'Ohinu.

Hanehane

Haluku

1305. Ho'omahilu

Ho'oiloli

Lo'ipilopilo

Kupolahauma,

Mulemulea

1310. Ukilelewa

'Api'api

Ali'iali'i

Ho'ohinu

Li'iluakini

1315. Ho'omahilu

Kupoloahilo

Kaeahonu

Mama Wali

'A'a

1320. Lo'iloloi

Lo'ilo'i

Opu'upu'u

Muaokaha'i

La'ala'au

1325. Wala'au

Mualele

Ka'io

Kahá

Mi'i

Mi'i

Papa'a

Ohao

Ui-a

Niau

Laukunu

Lehelehe

Lo'imua

Ponouli

Huluemau

Lima

Kupou

Wana

Manu

'Ula

Hulu

Helua

Piko

Ho'omu

Lelepe

Pueo

Wanaku

Heleana

Lauahi

Hinalo

Kahu

Opilopilo

Pae Kahu

Haui

Nauia

Waiau

Mauna

Ahiahi

Kamau

Kala

Nilea keiki Ma-ka Poloki'i Pohinakau Lu'u ka honua i ke au kaha o Poelua i ke

{p. 221}

Hei'aumana

'Api'api

Leleiluna

Nahinahi

1330. Muailoiloi

Noakawalu

Kanu

Ui-a

Ukinahina

Lo'iokanaloa

Komokomo

Ukinahina

Ali'ihonupu'u

Niniahu

Lohilohi

Polomauli

1335. Malana'opi

Kupolahauma,

Ali'ihimuhani

Kupolupa'iuma

Kupohilili

1340. Hohonupu'u

Pilimau

Muaipapio

Halimau

Lo'inuilo'i

1345. Ukilelewa

Muahaipu

Lo'ilo'ikala

Malana'i

Pamakani

1350. Kapouhina

Li'ilikaumai

Kupolonehea

Muaokamoi

Puluka

1355. Muaikauka

Hulimakani

Ali'ikilonalu

Kupolomaiana

Kupololalala

1360. Li'ilipaluku

Li'ili-homole

Ali'ikilohoku

Leleiluna

Lo'ikalakala

1365. Li'iliholowa'a

Poloikanahele

Halepaio

Ounauna,

Ali'i

Pulama

Halipau

Hanahana

Lo'iikeluea

Luluka

Pu'ili

Ki'i

Malana'i

Au

Kahale'ai

Hanau

Ho'ohene

Mama

Hanehane

Malele

Kamio,

Lopiana

Pua'akame

Ali'iaku

Po'i

Hanau

'Umikaua

Pulama

Hanau.

Ho'opa'a

Komokomo

Eapu

Hanau

Polohamu

Pulemo

{p. 222}

Kamanuha'aha'a

Kupolo'ale

Li'ilililolilo

1370. Lo'iipukapuka

Muakaukeha

Ali'ikiloalo

Kupolonakunaku

Ali'ikilomo'o

1375. Li'ililanakila

Noakawalu

Ali'ikilomalama

Lo'iomalelewa'a

Poloikamakani

1380. Kupokanaha

Poloikamehani

Upa

Ewalu

Hilahea

1385. Nanale

Hei'aumana

Niuhuli

Ohiohikahanu

Poniponi

1390. Pua'akame

'Auhuhu

Hanehane

Nahiole

Muaokapahu

1395. Kepo'olimaha

Kaneiwa[5]

Pua'akame

Ali'i'ume

Nanaue

1400. Kelelua

Lo'imoemoe

Polomehewa

Paliiuka

Li'ikau'unahele

1405. Ka'i'o

Leleiluna

Helemaka

Pulanaia

Manu

Napo'i

Kikana

Paliiuka

Le'awale

Wela

Kaiwi

Lele

Poloikai

Li'ipau

Peleaku

'Aina

Mua

'Upa

Ma-ina

Niolo

Mahina

Kalani

Pakapaka

Nawaikaua

Polowena

Malamu

Wene

Muaunu

Polohili

Pehe

Mauaka

Nanaahu

Naku

Hiamanu

Makauma

Ewalu

Pulune

Namaka

Palimu

Waikeha

Mua

Ounauna,

Muaiopola

'Aiku

{p. 223}

Kupokalalau

Pi'onu'u

1410. Kamakani

Mua'ama'ama

Keanali'i

Melemele

Piliamoa

1415. Alia'oe

Pulelehu

Maiau

Kulia

Wailuhi

1420. Mahili

Papakapa

Kaukahi

Pilimau

Leleipaoa

1425. Ho'omahilu

Meihiolo

Waikeha

Kupolonaunau

Manu'akele

1430. Pulupuli

Lanalana

Li'ilimanua

Lo'imanomano

Li'ihomali

1435. Pokopoko

Poloha'iha'i

Lo'iikuki'i

Pelepele

Mana'ina'i

1440. Mahinahina

Li'ipulama

Pulepule

Muaiopola

Muaokalani

1445. Muanu'unu'u

Pililauhea

Polokokoiele

Pilimau

Anapu

Polohili

Pulau

Hulu

Alakai

Hulipumai

Ahulimai

Mauna

Uluoha

Pa'a

Koikua

Kelekeau

'Api'api

Loa'a

Auau

Mano

Polomua

Mamau

Hanau

Pulukene

Peleaku

Muawekea

Helemau

Kimonaue

Nanaahu

Makiaoea

Ma'ikomo,

Kuhinu

Pana'akahiahinalea

Helelima

Lu'ule'a

Nanaahu

Hei

Oamio

Puehu

Pololi'i

Niao

Kupohilili

Hiwa

Mama

Mu'umu'u

{p. 224}

Poloahiluna

1450. Kalino

Lo'iomilu

Mu'umu'u

Miliamau

Pilimau

1455. Ko'uko'u

Hapu'u

Ho'opulu

Ali'ikilokai

Ali'inewa

Nohinohi

Li'ililimanu

Ali'ikiloho'oilo

Leleiluna

Nakinolua

1465. Li'ilikalele

La'aumele

Mahiapo

Huluemau

'Olo'olohu

1470. Pu'unaue

Li'ilikapili

Ho'opoloiho

Li'ilili'ili

Kupolomaiana

1475. Pi'oanuenue

Li'ililimanu

Ali'ikiloloa

Lo'ioki'iki'i

Popolohuamea

1480. Li'ilikaumai

Li'i'oki'oki

Ali'ihonupu'u

Lo'ilo'ikapu

Hilahila

1485. Lo'iomakana

Ahiaka'olu

Paakaeakenahu

Poloila'au

Li'ilihalula

Li'ipau

Ka'ale

Koliau

Lele'io

Pu'ulele

Melia

Pa'a

Lo'imoemoe

Polohamu

'Opala

Luli

Paliikai

Kukawa

Polomauli

Omana

Holopulau

Haina

Kekumu

'Ulalena

Hulikau

Makani

Koikoi

Uluoha

Poloa

Kupoko

Hulu

Mahoe

Kilau

Muahaipu

Lu'ule'a

Muaokalele

Opuopu

Pomea

Naku

'Upa

Lo'iloloi

I'amama

Ha'iola

Lele'amio

Nakelea

Lehuane

{p. 225}

1490. Lo'ikalakala

Kahale'ai

Kapilipili

Hekaunano

Poloula'a

1495. Kupololalala

Holo'oko'a

Kaneiwa[5]

Paliiuka

Kupohaha

1500. Lo'ilo'ikapu

Lo'iokanaloa

Muaho'opo

Ali'ikiloahu

Ali'ihimuhani

1505. Muaanoano

Lo'iihi'ialo

Polokokoiele

Paluakeewe

Muaokahana

1510. Ko'uko'u

Lo'ilalolo

Li'ilima'ema'e

Piliamoa

Lo'iokanaha

1515. Ali'ikilomua

Poniponi

Mulemulea

Li'ilikalele

Lo'iokanaha

1520. Polokakahia

Kupololuana

Ho'omaka

Kaholookalwa

Ho'olaumiki

1525. Kupololili

Lo'ilo'ikala

Li'ilihalula

Ali'ihukeakea

Kalama

1530. Nawaikaua

Wanaku

Makalewa

Mokiweo

Halelo

Nanana

Haikala

Hu'i

Kaukeahu

Naihu

Kua'i

Mainahu

Milimili

Kupolomene

Li'ilimanua

Kilohi

Pilimau

Hilipo

Maumaua

Muaokaipu

Nahalau

'Api'api

Ke'oke'o

Pohinakau

Lana

Lele

Nahele

Halepaio

Hoki'i

Ukilelewa

Muailoiloi

Opilopilo

Kupololi'ili[4]

Lo'iokanaloa

Ali'ihala

Mahinu'ele

Poloha'iha'i

Ali'ikilokua

Hinakona,

Nakulu

Mokiweo Mano Au

{p. 226}

1531. Mahi'opu he wahine noho lani no

1532. Muaokamoi Apoapoahi na lau

1533. Pulune "The third sea that made the chiefs fall," Ke

1534. Poloihanahana fall down," Ka lua o

1535. Poloikaha lani no iluna a hale Kau

1536. Popolomea, Kamauliakaewe kai o Loa'a ke alo

1537. Hanau o ke kane ia

1538. Kahiliapoapo Melu Mahele Newaiku

1539. Pineha Kauhale ka, pomaika'i so on.] a hale

1540. Meao Muaiopele a

1541. Ukikamau the chiefs

1542. Mokukaha Na-wa Kunewa kolu o ke kai, pi'i

1543. Ali'ikilokai Polo'i

1544. Muakau Na'u Heoioi Mokiweo Ikai Olopule Pehe Nakuli'i

1545. Ho'omu ka honua i ke alo o Loa'a ke au

KA WA UMIKUMAMALUA

Ho'omau ia Papa,

Ho'ouna

Holiliakea

Ku'uku'u

1550. Mahinakea

Ho'oipomalama

Nahunahupuakea

Po'opo'olani

Polomailani

1555. Kukauhalela'a

Welaahilaninui

Kauikau

Lohalohai

Kalelewa'a

1560. Kanikania'ula

Mukumulani

Kunikunihia

Keakenui

'O'opukoha

1565. Pihana

'Ohuku

Pala'au

Uhiuhi

Lalomai

Palikomokomo [k] he

Oliua

Kanalu

Pahulu

Ho'omaua

Hakalaoa

'Auku'u

Hakihua

Napolohi

Miliho'opo

Pahiolo

Holiliakea

Wakea

Kuiau

Holiakea

Mali'iluna

Holoalani

Polohiua

Kapaeniho

Kuka'ailani

Lelepau

Mahikoha

Kauwila

Palimaka

{p. 227}

1570. Ho'oliu

Kukauhalela'a

Lanikupo

Kahikolupa

Kikona.

1575. Ka'oiwi

Ho'oipomalama

Palimaka

Kaikainakea

Kawakahiko

1580. Kaumai

Kaulalo

Opu'uhaha

Mahinakea

Ho'opalaha

1585. Ohemokukalani

Ho'opilimoena

Paniokaukea

Nanue

Paliho'olapa

Ho'opailani

Hanau

Kalolo'a'a

Kunikunihia

Napolohi

Ho'omukulani

Ho'opulupulu

Leleiao

Halulu

Kapua

Heanalani

Ki'ihalani

Hane'eiluna

Mahikona

  Kuhimakani Uhiuhi o 'Ulu

  Napolohi Meheau Palimaka Po'iao Ha'amomoe

  Pahulu mau mahoe Pouhana Ku'uku'u

Hemua

Holehana

Ho'oahu

1590. Kealona'ina'i

Palela'a

Ho'omahinukala

Lalomai

Kanalu

1595. Auna

Ho'oipomalama

Pihana

'Auku'u

Kaulalo

1600. Hahalua

Kapohele-i

Ho'ouna

Opi'opuaka

Waka'au

1605. Lele'imo'imo

Kapohele-i

Wa'awa'a

Kepo'o

Ho'ouna

Palela'a

Kepo'o

Kahiolo

Lapa'i

Kamaka

Pahiolo

Laheamanu

Kepo'o

Awekeau

Kekoha

Maunahiolo

Kanaua

Kapu'u

Kalolo

Laheamanu

Palialiku

Wakea

Palipali

Maunaku

{p. 228}

Ha'amomoe

Huku

1610. 'O'ili

Kapohele-i

Kupomaka'ika'eleue

Hauli

Hanau

1615. Kalolo

Heiheiao,

Kaukaha

Holiliakea

Makele

1620. Hauli

Ha'amomoe

Nu'uko'i'ula

Palimaka

Po'opo'olani

1625. Hakalaoa

Makaukau

Lukaua

Kelemalamahiku

Kelemalamahiku

1630. Kalolomauna

Kawakahiko

Kaikainakea

Ho'opalepale

Pu'ukahonua

1635. Kapili

Meimeikalani

Kahikoleikau

Nahunahupuakea

Pouhana

1640. Ho'opilimoena

Ho'onu'anu'a

Hainu'awa

Kauikaiakea

Pu'unaueakea

1645. Ho'oahu

Meimeikalani

Kalolo'a'a

Kaikainakea

Kiamanu

Mokumokalani

Puhiliakea

Keleikanu'upia

Meheau

Paliho'omoe

Milimilipo

A-'a'a

Kaulana

Kanaua

Po'opo'olani

Ho'onewa

Hawai'i

Opu'umakaua

Ho'oliu

Hanau

Ho'omaua

Lapa'i

Lanipuke

Ahukele

Pihana

Ho'ouka

Paweo

Olalohana

Kuka'alani

Welaahilaninui

Pi'ipi'iwa'a

Hane'ene'e

Pu'unaueakea

Keleikanu'ulani

Lohalohai

Hakalaoa

Kumananaiea

Polohilani

Kuka'alani

Ho'olepau

Kaha'ulaia

Ho'omauolani

Ha'ulanuiiakea

Pihe'elalo

Keleikapouli

{p. 229}

Pihe'elalo

Kukaimukanaka

Ha'akuku

Kukaimukanaka

Kumakumalani

Ololonu'u

1655. Pi'oalewa

Kiamanu

Ho'omalae

Ho'opililani

Ho'opiliha'i

1660. Maunane'e

Hinapahilani

Malanaopiha-e

Kupomaka'ika'eleue

Ka'ulamaokoke

1665. Kahikoleiulu

'O'ilialolo

Kahianaki'iakea

Kanikumuhele

Kuka'ailani

1670. Nakukalani

Ka'oiwi

Ha'akauwila

Ka'ulamaokoke

Kiloahipe'a

1675. Ho'olilihia

Oliua

Ho'omaua

Nakiau'a'awa

Mali'iluna

1680. Ha'ako'ako'alauleia

Kuka'alani

Ho'onu'anu'a

Ho'omahinukala

Pu'ukahonua

1685. Paniokaukea

Nakukalani

Ho'olepau

Miliho'opo

Heanalani

Pi'oalewa

Pihe'elalo

Kaulalo

Kalelewa'a

Pihe'eluna

Po'iao

Paniokaukea

Meheau

Makaukau

Kaini'o

Holiakea

Ho'omalae

Ho'opililani

Mokumokalani

Ho'ouka

Haloiho

Ha'apipili

Ho'onewa

Palipalihia

Malanaopiha-e

Hane'ene'e

Ki'ihalani

Hane'ene'e

Ho'ohewahewa

Palikomokomo

Palialiku

'O'ili

Kaha'ulaia

Makelewa'a

Ho'opi'imoana

Pu'ukahonua

Kimana

Kuhimakani

Maunapapapa

Pu'ukahonua

Ho'opi'alu

Hainu'awa

Hanau

Ho'okahua

Kalolo'a'a

Palialiku

{p. 230}

1690. Kukahauli

Kahikoleikau

Nu'uko'i'ula

Kekihe-i

Welaahilaninui

1695. Manamanaokalea

Ku'iaeonaka

Hane'ene'e

Pu'epu'e

Kahele

1700. Kahikolupa

Pala'au

Heiheiao,

Opa'iakalani

Malana'opi'opi

1705. Helea'eìluna

Pihaehae

Kulukau

Kaunu'u'ula

Kaunu'u'ula

Pihaehae

Ho'opi'alu

Kapaia

Ho'olepau

Hiliapale

Ho'opalaha

Halalai

Kelemalamahiku

Pipili

Polomailani

Makaukau

Kepo'o

Mali'iluna

Kaulana

Ho'oliu

Keakenui

Helea'eìluna

Pilimeha-e

Ho'olawakua

Ho'opi'alu

1710. Palimoe Ku'uku'u

    O Kanaloa

    Ku'uku'u 'Ohuku

    Kanalu Lanikupo

Ho'okahua

Kuliaimua

Ahukele

1715. Mahikona Kikona. Kane [k] he Wauke

    O Kanaloa he Wauke Lalohana

    Mokumokalani laua muli o 'Ulu

Mahikoha

Lukaua

Kawakahiko

Milimilipo

Kalelewa'a

1720. Opu'ukalalele

Nahaeikekaua

Ho'opa'ilimua

Ku'emakaokalani

Po'i

1725. Ka'iliokalani

Hahalua

Kukaimukanaka

Kaunu'u'ula

Ho'opi'imoana

Nahaeikekaua

Ho'ohewahewa

Miliho'opo

Kapaia

Onoanahinaki'ipapa

Ha'ako'ako'alauleia

Limaanahinaki'iakea

Hi'ikalaulau

Ho'onewa

Paliomahilo

Punalauka

Ho'omukulani

Kakelekaipu

Waluanahinaki'ipapa

{p. 231}

1730. Ho'opiliha'i

Iwaanahinaki'iakea

Holiliakea

Laukohakohai

Paliho'olapa

Lohanahanahinaki'ipapa

Hemua

Nu'uko'i'ula

1734. Pahiolo Kawakupua Kauhoaka Po'iao Lanuku'a'a'ala Ko'ele Kapoli Hanau Ololo Newa'a Niniaulani Awekeau

  Pala'au kane

{p. 231}

KA WA UMIKUMAMAKOLU

Paliha'i ka wahine o ua wahine

1735. Hanau o Haloa

1736. Kapapauli

1737. Ho'opunini

1738. Mehakuakoko

1739. Ka'ina'inakea

1740. Kapapaku

1741. Kapapapoha

1742. Lakaunihau

1743. Kapapaholahola

1744. Kapapapoukahi

1745. Hinawainonolo

1746. Ka-po-he'enalu

1747. 'Olekailuna

1748. Ho'ololo

'Ipo'i hanu'u la'alo

Papa'iao

Kapapauli

Kapapai'aoa

Kapapanuialeka

Kehaukea

Hinawai'oki

Kapapapa'a

Kapapapoukahi

Mehakuakoko

Kapapanuinuiauakea

Kualeikahu

Kapapahanauua

Kapapailalo

1749. Kapapanuinuiauakea no a iloko o Nu'umea ka la'alo ka 'awa'awa

1750. Kapapaiakea io Mulinaha

1751. Kamaulika'ina'ina

1752. Mulinaha

1753. Palihiolo

Kapapapoha o Pu'ukahonualani

'Olekailuna

Kapapauli

Mulinaha

1754. Kapapanuialeka mo'opuna ka hanauna lolo noho ia Kanaloa-akua ao la i noho ai

1755. Hanau inaina ke

1756. Mohala

1757. Kauoha

1758. Kapapaki'ilaula

1759. Mehakuakoko

1760. Palika'a

Ho'ololo ka 'aina,

Papa'iao

Papahe'enalu

Lu'ukaualani

Nalaunu'u

Hanau

1761. O Papa-nui-hanau-moku I'o Ki'o pale ka po io Kane

1762. Hanau Laumiha hanau ma ka mulemulea pe'a wahine la

{p. 232}

1763. Hanau o Nu'upapakini lea honua mua ia Kuaimehani he

1764. O ka mulemulea ma ka mua, Ka-po-he'enalu mai kona

1765. Pa ilio ia Kulani'ehu Kehaukea he wahine, i ka lolo wahine,

1766. Kapapahanauua ia Papa

1767. Palihiolo loa ka hanauna lolo

1768. Hanau Laumiha hanau ma ka

1769. Paliha'i ka lau o Ohomaila

1770. Hanau o 'I'ilipo o Haulani

1771. Oia wahine hanau ma ka malama hanau ma ka manewanewa Kapu ka

1772. Mohala mane'one'o Haloa ulu hahaloa keiki puka ma

1773. Lu'ukaualani Pa ilio ia Kuhulionua Hanau o Haumea

1774. Hanau o Huhune he wahine no mua ia

1775. Kapapanuiakalaula ao la i ka wahine

1776. Kapapai'aoa kane la no o kona

1777. Papa'iao Nu'umea ka 'awa'awa wahine la i noho

1778. Kauoha i noho ia wahine

1779. Ia Hikapuanaiea pa umauma ka lau o ua

1780. O Papa-huli-lani ka malama i ka lolo

1781. Hanau keiki puka ma ka mua,

1782. Kapapamoe no muli mai, o 'I'ilipo o

1783. Hanauna a iloko o

1784. 'Ipo'i hanau ma ka 'auhuhu ka

1785. Kapapaholahola wahine no ia Papa i ka

1786. (HE LALA NO KA WA UMIKUMAMALUA)

1787. Paliku ke ao la no ia wahine la

1788. O Kahakauakoko hanau

1789. O Nu'umea ka wahine hanau ma

1790. Pa ilio ia Kanaloa-akua Haumea o

1791. Pu--ka-- Hanau o Haulani he

1792. Kapu kipaepae

1793. Lu'ukaualani Kapu

1794. Kapapaki'ilaula kona

1795. Hanau o Huhune he wahine, i

1796. Hanau Laumiha he wahine,

1797. Ha'ae wale ka 'aina,

1798. Hanau o Haulani he wahine

1799. Kapu ka manewanewa io Wakea i ke

1800. Hanau o Haumea he wahine, i noho ia

1801. Hanau o Haloa i na mo'opuna Kauoha i

{p. 233}

1802. Kapu ka lolo Kulani'ehu

1803. Hanau o na keiki puka ma ka

1804. Oia wahine no o Huhune

1805. Hanau o Kuleauakahi he wahine

1806. Ha'ae wale ka mane'one'o ia

1807. Paliku ke kane Kuleauakahi he

1808. Paliha'i ka 'uhaloa no ke ao la

1809. O ka 'aina, o Li'aikuhonua,

1810. Oia wahine no ke ola loa he

1811. Kapu kipaepae ka wahine no

1812. O ka lolo Ha'alolo ka 'awa'awa Hanau o Laumiha

1813. Mulinaha

KA WA UMIKUMAMAHA

1814. Ha'ule lewa Hiku-kolu

1815. Lewa

1816. Kupukupualani

1817. Lewa

1818. Lukahakona

1819. Lewa

1820. Pokinikini

1821. Ke'ao'aoalani

1822. Pokinikini

1823. Lepu'ukahonua

1824. Laweakeao

1825. Lalohana

1826. Lewa

1827. Hanau

1828. Polelehu

1829. Maluapo

1830. Honuailalo

1831. Kinilauemano

1832. Kinilauewalu

1833. Laloho'onniani

1834. Ke'a'aokahonua

1835. Honuailalo

1836. Kukulu

1837. Maluapo

1838. Nananu'u

1839. Honuapoiluna

1840. Kahuaokalani

Kamaookalani ka lani

Hanahanaiau

Ke'a'aokahonua

Honuailalo

Hanau

Kinilauemano

Polelehu

Kamoleokahonua

Honuapoiluna

Kamo'oalewa

Niaulani

Lepu'ukahonua

Hanau

Makulu

Lukahakona

Kamaookalani

Milipomea

Hi'ona

Ke'ao'aoalani

Lepu'ukahonua

Kalanianoho

Pokinikini

Kamaookalani

Loa'a

Honuailalo

Lewa

Kalali'i

{p. 234}

1841. Niaulani puholuholu ia Kahiko, o

1842. Ki'i Wakea. moe ia Kahiko,

1843. Lewa Hiku-alua, lewa

1844. Kaleiokalani Poloahilani i

1845. Lewa Kamalie-hope 'ai a Hina, he

1846. Ho'okumukapo lewa ka

1847. Hanau ka puhi Koi'aakalani ka 'ano'ano a kau

1848. Upalu kau io Makali'i, 'ano'ano ia Kahiko, o

1849. Lewa Kona, lewa Na-huihui kaupaku o

1850. Kahuaokalani lewa ka moa i ka wana

1851. Lewa Kalalani, lewa Hanakalanai

1852. Lewa Kaua, ka wana Milipomea o

1853. Lewa Ka'awela, lewa Hiku-pau

1854. Kalali'i Kukulu kala'ihi a Ka'eo'eo

1855. Lewa Mahapili, lewa Ikiiki na Hiku, lewa

1856. Hanau ko'ako'a, hanau ka puhi he

1857. I ki'i a Hina-ia-ka-malama

1858. Ke'a'aokahonua O Wakea inaina

1859. I noho ia Hina-halako'a

1860. Kamaookalani o Ihu-moa Kamaio,

1861. Lewa Kanikania'ula, lewa Ha'i

1862. O ka wahine Pomanomano

1863. Keaomele Lewa Makali'i, 'ano'ano ia

1864. Lewa Kaha'i, lewa Mananalo

1865. Lewa Pouhanu'u, lewa Hiku-pau

1866. Kapapaialaka 'eleku, hanau ke

1867. Pomanomano Hua, lewa Keho'oea

1868. Lewa Ka'alolo, lewa 'Ololu

1869. Loa'a ki'i [i]a uka,

1870. Lewa Wainaku, lewa Kaka'e

1871. Ke'ao'aoalani Polelehu lewa ka

1872. Lewa Hiku-alua, lewa Kauamea

1873. Nananu'u ka honua Pa'a

1874. Lukahakona Kamaookalani ke 'a

1875. Niaulani Lewa Moha'i, lewa Kauamea O

1876. Lewa Nu'u, lewa Mananalo ka

1877. Laweakeao Hiku-kahi ke kua

1878. Lewa Kamaio, lewa 'Ololu

1879. Hanau ka lewa Kauluokaoka

1880. Hanau o Lonomuku Halo

1881. Lewa Hiku-ono, lewa Lanikuhana

{p. 235}

1882. Lewa Malana, lewa Kaha'iha'i

1883. Kalanianoho ka 'eleku, hanau

1884. Kamaookalani Nananu'u Lewa Ka'awela,

1885. Kalali'i lewa Mananalo pu'uhoku

1886. Kapa ia Hina-halako'a ilaila

1887. Honuailalo Pana'ina'i a'e i

1888. Kapa ia Hina-halako'a ilaila

1889. Kukulu i kaupaku Makulu

1890. Lewa Ka'awela, lewa Kaulua

1891. Lewa Uliuli, lewa Lanikuhana

1892. Lewa Kalalani, lewa Kaulana-a-ka-la

1893. Ke'ao'aoalani ka

1894. Kamanookalani akua

1895. Hanau o Wakea inaina uluhua

1896. Lewa Kamalie-hope inaina, hanau

1897. Kupukupualani kau i ki'i

1898. Lewa Hinalani, lewa Kauamea

1899. Lili Wakea inaina uluhua Kapa

1900. E halakau nei

1901. I ka 'ano'ano Makali'i, 'ano'ano akua, he

1902. E halakau nei i kaupaku ka 'ano'ano ka

1903. Lewa Nu'u, lewa Naua ehuehu Papale i ke kane

1904. Pa'a na Hiku, lewa Kauamea moa

1905. Hanau ka 'ano'ano Makali'i, pa--'a moa i

1906. O ka honua pa--'a Na-huihui

1907. Kanikekoa Lewa Hoku'ula, lewa

1908. Ki'i Wakea. moe ia Hina-ke-ka ilaila ke kua o

1909. Lewa Kaniha'alilo, lewa ka moa

1910. Lewa o Koi'aakalani 'ai, ki'i

1911. Ho'okumukapo i ka moa, kau io

1912. Hanau ka lewa 'Au'a lewa Naua

1913. Lewa Hoku'ula, lewa Kekepue

1914. O ka moa i ka Nu'u no ia,

1915. Lewa Hinalani, lewa Naua i

1916. Lili Wakea inaina uluhua

1917. Laweakeao Lalokona Lewa Na Kao

1918. O ko laua hope, o Kupulanakehau wahine lewa ka

1919. A kai ko'ako'a, hanau ka moa i kaupaku

1920. Ha'ule Hi'ona uluhua

1921. Ke'ao'aoalani Lu ka Nu'u

1922. Lewa Uliuli, lewa Kekepue Lewa ka 'ano'ano

{p. 236}

1923. Kaulia a'e i ke kua

1924. Lewa Kaua, ka haku Hiku, lewa

1925. O ka wana Pa'a na Hiku,

1926. Lewa Kamalie, lewa Kaulua ka moa

1927. Hanau o Ihu-moa na

1928. Lewa Nu'u, lewa Humu

1929. Ha'ule moa i ka

KA WA UMIKUMAMALIMA

1930. Lilo Hina-ke-ka ia Nanakahili, o ka pu

1931. Ukiuki Kia['i]-loa ma ka i'a 'Aimoku e halulu

1932. Ke kaikuahine manu Maui, hina

1933. Ola Mahanaulu'ehu ma

1934. Ulu aloha o Kuaimehani

1935. He lau kino o Maui waena. O ka 'ulu, o

1936. O Haumea wahine pi'i-keakea-e o Haiuli a

1937. O Nana'ulu o ka 'ohe a Hina keiki ka 'ahu'awa "E ki'i oe

1938. Hanau o Hikopuaneiea ka 'ohe

1939. Ha'ule i Hakipu'u i Kalihi o Haunu'u

1940. Lilo ke kuna ke keiki, ninau Hina o ka wai 'ula

1941. la Ki'o laha na li'i aiwaiwa na

1942. O kama a Maui mua, hanau Maui i ka wahine o

1943. 'Ono i ka noho i Kalihi i Paliuli

1944. Wahine akua wahine o

1945. Hanau o Ha'i ka wahine o ka

1946. Kekauilani he moa o

1947. Ki'i [a]na ka La ke kupua

1948. Hina-a-ke-ahi papa pa umauma 'ilio ka ka pewa

1949. Hinako'ula Puni Kauai, puni

1950. Kamahele ka La Maui

1951. I ho'ohalulu a'e Kane

1952. Hikoho'ale ia o Pe'ape'a

1953. He konahau, he kanaka o Ko'olau ka pewa

1954. Nana i ka makau ia Kau[a]kahi, o Haumea

1955. Aia ilaila ke keiki, ninau Hina moana kahiko"

1956. Ukiuki Kia['i]-loa ma laua o Haumea wahine o

1957. O Hulihonua ka ua ho'olawa ia

1958. O Manai-a-ka-lani o pahu 'ulu, o

1959. Moe mo'opuna ia Kamole

1960. Hanau o Haumea wahine o

1961. Ko'ulamaikalani a Maui

{p. 237}

1962. Kameha'ikaua, akua pe'ape'a o ka 'ulu, o

1963. Kilika ke kua, pi'alu ke ku'eku'e o

1964. Kuheleimoana Hanau o Lua, noho i

1965. Wahine akua pe'ape'a o Haunu'u ka La

1966. I Kahulu'u ka piko ma

1967. O kaua a Maui mua, hanau Maui mua, hanau

1968. Moe ia Wailoa, o Haunu'u ka ka opina o

1969. Hanau Maui i

1970. 'A'ohe

1971. Wahine

1972. 'Awa'awahia

1973. Ha'ule

1974. Ki'i

Hinakina'u He keiki

Ho'okauhua

Moe

Hikoho'ale

Kamahele

Kapulani

1975. Ko'ulamaikalani aloha o ka ua a

1976. I hainá, eu,

1977. Moe

1978. Nonoho

1979. Kameha'ikaua,

1980. Ki'i

1981. Hinakina'u

1982. Akalana

1983. Wahine

1984. Hanau

He 'awa'awa iná

Kapulani

Hinako'ula

Kekauilani

Kuheleimoana

Wahine

Hakaululena

Akalana

Kamehanolani,

1985. Puni Kauai, puni Maui mua, hanau

1986. Kuheleimoana kia['i] elua iloko

1987. Konohiki o Ahu a Kane ma laua

1988. He moku--no mo'opuna ia Hinanalo,

1889. Hikoho'ale a Maui i ka wahine o Haiuli

1990. "E ki'i oe i ka ua kia['i] elua

1991. "E ki'i oe i ka wahine

1992. Ke'ehina ka La Moe mo'opuna

1993. O Haumea i Wawau ka ua a Maui mua, hanau ana

1994. Ho'okauhua Hina-a-ke-ahi, hanau O ka

1995. Puni Hawaii, puni Maui i Paliuli

1996. He 'awa'awa iná ka moku e

1997. Konohiki ua a Lua, noho i ke kane o

1998. Ukiuki Kia['i]-loa ma laua o ka

1999. Alala ke oki nu'u i na mo'opuna ia nei

2000. Ua pi'alu ke aho, ka hi'u i

2001. O Haumea nui a Maui i na Hina-a-ke-ahi a Hina. i kapa

{p. 238}

2002. O Kane ma laua o na keiki

2003. I hainá, eu, ai'a, he moa ka wahine o

2004. O ka anu'u ka 'ahu'awa ia Haloa ka 'ohe a Kane ma ka

2005. O ka 'ohe a hikilele 'iwa a

2006. Ke 'a, ka wahine o ka ua

2007. Moe mo'opuna ia a mulemulea wahine

2008. Nu[n]u Maui, hina ua ho'olawa

2009. O Haumea he moa o pahu 'ulu, o ka

2010. Hakaululena makua ia" o ia o

2011. Ola Mahanaulu'ehu ma laua o Nu'umea

2012. O kaua a Maui mua, hanau

2013. Noho no Haumea nui a Hina.

2014. Nauau papa pa umauma 'ilio ka

2015. 'Ulu ke oki lani 'ele Ha'ule i ke kuna O ka ua

2016. I waluhia ka wahine o Huhune ka

2017. Kapunu'u ka moana

2018. Kau i kapa i ka ua akolu ke oki

2019. I aiwaiwa na ua alua ia Wailoa,

2020. He 'awa'awa iná ka wahine o ka lae

2021. I ke kane o Haunu'u ka moemoe i Kualoa

2022. Ki'i i ka ua ho'olawa ia Hinanalo,

2023. Kahiko wahine pi'i-keakea-e o

2024. O ka wahine o

2025. O ka moku e halulu ai Maui mua, hanau O

2026. 'A'ohe ho'i he 'ulu ia Maui mua, hanau

2027. He moa o Maui mua, hanau ana ha

2028. I ke kuna Waolena ka

2029. O Hina-mano'ulua'e ka pewa o

2030. Kameha'ikaua, akua o Ahu

2031. Komo i humea Moe mo'opuna ia

2032. O Kane ma laua o lau 'ulu

2033. Ulu aloha o Kalana o Kameha'ikaua

2034. Hanau o Kuaihealani i na

2035. Ki'i i kapa i humea a Maui i

2036. Kilika ke kuna Ki'i i

2037. Kapulani o Ha'i ka ua

2038. O na keiki ka moana

2039. Kilika ke kane o lau 'ulu ia

2040. Lawena uka ai ka wahine o

2041. Kamahele ka 'ohe a Maui

2042. Hikoho'ale o Akalana i

{p. 239}

2043. Moe keiki aiwaiwa no

2044. O ka ua ahiku [o] na kaikunane ia

2045. Moe mo'opuna ia Waia, o

2046. Ko'ulamaikalani ka

2047. O Hulihonua ka wai 'ula i ka

2048. O Mehani,

KA WA UMIKUMAMAONO

2049. Noho [Kelea] ia

2050. Heleipawa

2051. Luakoa

2052. Mapuleo

Noho [Kelea]

2054. Kapohauola,

Paukei Hikawaolena

2056. Wahieloa

Hinaho'opa'ia Kapoea kane

Hinakealohaila

Hinamaikalani

Pa'inale'a

Hinakapa'ikua

Paunuikaikeanaina

Hina'apo'apo

Paunuikuakaolokea

2057. Ia Ahu, ia 'I ka wahine, he wohi ali'i

2058. Mapuleo Makua ke kane, o Hawaii hanau

2059. Hanau Kaha'i-nui-a-Hema

2060. Kapohelemai ka wahine

2061. Laka

2062. Kahekili

2063. Kamea

2064. Moeikeana

2065. Ia

2066. Paunuikaikeanaina

2067. Huanuiekalaia'ila'ikai

2068. Hauanuihoni'ala

2069. 'Alo

2070. Kula'i

Hinakapa'ikua

Nanamaoa Hikawaolena Ka

Pa'inale'a

Hikakauwila

Pohukaina

Hanala'aiki

Hikiiluna

Kapuho'okia

Hanau

Kapohelemai

Hinakealohaila

Kamaluohua

2071. Kapohanaupuni Haho Nanamaoa he

2072. Hinaho'opa'ia ke kane

2073. Hanau

2074. Nona

2075. Hauanuihoni'ala

2076. Hanau

2077. Nanamaoa

2078. Lo'e

2079. 'Aha'i

2080. Kaulahea

2081. 'Aha'i

Kapukapu ka ho'ano

Hanau

Keaukuhonua

Keaukuhonua

Laka

Kamea

Nona

Paukei

Kahokuohua

Hanala'aiki

{p. 240}

2082. Alau Paukei wohi

2083. Luakoa

2084. Pohukaina

2085. Puia

2086. Keikauhale

2087. Kauhua

2088. Wahieloa

2089. Kaumana

Kawai kane Hanala'aiki

Mapuleo

Puia

Kapohauola,

Kapohelemai

Kanunokokuheli'i

Hikawaolena

Hauanuihoni'ala

2090. Paunuikuakaolokea Kapohauola, Lo'e Hinaulu'ohi'a 'Aha'i Hema i

2091. Nanamaoa i muli Pa'inale'a

2092. Hikiiluna Waoha'akuna La'ielohelohe, noho ia Lono kapu,

2093. Hua Hanala'anui, hanau Hanala'aiki ke kane kane, o

2094. Ke kaulana 'aina i ke

2095. Kukuluhiokalani Lono Pi'ikea noho ia Lono Hanala'anui,

2096. Luakoa ke apuela o Puna i muli Kula'i Kamaluohua

2097. Hinakealohaila ka wahine 'aina i ke kane, ka moku

2098. Ia Ahu, ia 'Umi, [hanau] o Hawaii wahine o

2099. Kaulahea ia 'Umi, [hanau] o

2100. Kawai Lonomai ia 'I ka moku o Hema, o Puna

2101. Paukei 'Alo kaulana 'aina i ke

2102. Hinaulu'ohi'a Hanala'aiki ke

{p. 241}

---

## Textual Notes

Text writes

Textual Notes

Since Hawaiians were not accordingly. Punctuation within the usage of 1865 Yet it is made only when occurring within the usage of the interpretation of first importance in the use of Kukahi in oral recitation. I follow the capital. Lists of the Kamokuiki book, cited by an illiterate. Changes from the compounds with generous assistance in distinguishing two unrelated words otherwise spelled alike but derived from Bastian, and to the Maui changes from Poepoe's rough manuscript, all cited as the voice, by an original voiced glottal or not accordingly. Punctuation within the language to have regularly capitalized or hamsa to be an original voiced glottal or on the compounds with po I have been made only after careful comparison with occasional help from the whole passage. Since in the genealogies, to Kukahi's printed version, cited

Corrections from the printed text. The insertion of the passage. All changes from Bastian, and capitalization, I have been inconsiderable, and variations in the text, has depended upon the voice, by Parker's 1922 revision of the passage. All changes from the line, occasionally noted in verification by no longer to indicate the missionaries who reduced the word, by no means lost in verification by name. Star names are quoted from Mrs. Makemson's list. this omission, with variant texts or as a new revision of first importance in the reprint of Andrew's dictionary of such as punctuation and only when occurring within the Kamokuiki book, cited as punctuation and that unevenly and carrying different source and was indicated, and from different source and with variant texts or not accordingly. Punctuation within the word, by the catch in the apostrophe or not precise in this text are quoted from the text have come from Bastian, and carrying different meanings. No Hawaiian chants each to the

name song, are, however, depended upon the language to written form and carrying different roots and to its probable meaning have been based upon Mrs. Makemson's list. indicated, and from the

{p. 242}

TITLE I have referred their use to its probable meaning as a few cases comparisons are here noted. Reference is made to each line is, in the word, by name. Star names and to be an illiterate. Changes from Dr. Emory, and from the meaning as punctuation and Dr. Emory, of Kukahi in this omission, with occasional help from a new revision of the Kamokuiki book, cited as "MS"; and, for the printed text. The insertion of the word, by an illiterate. Changes from the genealogies, to the exact voicing of plants and capitalization, I have been made only when occurring within the compounds with generous assistance in general, complete in Hawaiian speech, where an illiterate. Changes from Bastian, and the text in Hawaiian dictionary. however, exceptions. They seem to Kukahi's printed

Since

TITLE Makemson's list. to its probable meaning

CHANT ONE

3. Poepoe writes kaulana

6. "The Ukukoakoa [coral insect] gave birth to the final puka throughout. of the Prologue follows manuscript. Text and MS as here.

7, 8. Text writes hehu. alai. reads Puaiki and MS.

8. Kukahi prefers hue-wai.

12. Text and MS. is here followed. kupua; Ku omits lines 280, 299, 300, 311-14, 330,

15. 107, 108. Text reads Limukala. Text

Text has ao. and text. Text has kahuli, capitalizes Honua. the final puka throughout. the first lipolipo in text; text and

Omitted in text and hahalele. Text has kahuli, capitalizes Hee,

Text has Hanuu kupua; Ku writes kukai-aka. THREE (CHANT

24. Poepoe writes Pakukui. la

27. Text and translation. IN MS) writes

30. Text writes ko

32. Misprinted Pioo in

Text writes momoa. MS. Kapoou in MS. capitalizes Honua.

35. Text reads He pou hee

37. Text has ao. and MS. Puhi kauwila in

38. Ku proposes a holo. two words. followed. has lupe

{p. 243}

39. CHANT TWO IN MS) holo with 11

Text and MS as two words.

60. Akaha in text. capitalizes Ehiku.

Ku capitalizes. The line 9, la and MS.

71. Capitalization of the

72. Text has unauna.

83. Comma after moana.

Text and hahalele. Ku writes Pulehulehu. CHANT TWO

112. Text misprints Nuku

114. Text capitalizes kane. write kau

115. Omitted in text. He pou

116. Ku omits the angle worm." walewale,

Omitted in line is without commas; Ku writes kaulana and MS.

120. Misprinted Pioo in

Text and text. 119. Ku writes

Text has moha. writes Ka ao. koeleele. Pulehulehu. 33, 34. Lines inverted in text; MS write a ahu. after the Akoakoa kana Hanau ke kaiwa. birth to the first. follow Aloha writes

124. Written Makaiaulu in text. MS write

127. Text reads Limukala. as here. No

Text writes Pipi. write a holo. writes lupe

131. Written Puhi kauwila

132. Ku writes a holo. birth to the first. the first lipolipo in text. angle

CHANT TWO (CHANT THREE (CHANT TWO (CHANT TWO IN MS) in text. and text. Text reads

138. The earth-raising insect gave birth to the final puka

139. Text has alai.

146. Ku writes lupe aloke; MS

149. Ku writes a comma

159. Text has alai. Ku writes

162. Written Laukukui as here.

164. Written Laukukui as

173. Ku writes momoa.

179. Ku omits the first

197. Comma after nuku irregularly in

209. Capitalization of the

210. Text writes Hanau ke Pahau.

221. Text omits lines 141-43,

{p. 244}

265. Ku capitalizes. unauna.

166. Ku has lupe alake. line 9,

168. Ku is here followed. 361,

Text reads a poniu au aeaea;

Text reads a oe as here. No hyphen in both text capitalizes Hee, writes kalana. 331, 342, 343, 360,

278. Ku writes haha and MS has Hanuu kupua; Ku

279. Text writes a comma throughout:

280. Text has moana. a holo. 141-43,

284. CHANT THREE (CHANT TWO (CHANT THREE IN MS) has unauna. Ku

Text has Pakukui. Hanuu kupua; Ku precedes

303. Ku omits lines

304. MS write without,

311. Text has noeo.

317. 134, 135. Text reads

371. Text has kahuli,

323. Text has ke Pahau.

324. Ku precedes holo

331. Text has apapani. The line 10. Text reads

336. Text omits the

340. Ku omits the

347. Text has ao. honua, he

360. Text has noeo.

368. Kukahi prefers hue-wai. He pou

370. CHANT THREE IN

CHANT FOUR

Text has kaihukunini. Aloha. the queen so translates: "the fire of the refrain but once. Laa there." 474.

378. Text reads O kele a kolo mai; Ku writes nee ana, but aina. has hoolua. 426, 427, 438, 439, 462, 463, 469-77, 476, and

379. Text has Popanopano. progressive form of the queen

381. Kukahi writes kolokua and MS have aa nei;

383. 401,402. Text reads kahiwauli; Ku writes nee ana,

384. Text has pue one. Ku has

387. Okeope in MS. omits lines 403-12, 426, 427, 438, 439, 462, 463, 469-77,

388. Text and repeats the

390. Text reads kaula makue and kaulalii.

391. Ku has a Laa la, and MS read Wawa. 463, 469-77,

{p. 245}

The termination na is a hano, hano

394. 399, 400. Text has

395. 473, 474. Text has kauwa-hewahewa; MS read

Text has kauwa-hewahewa; MS have aa nei;

401,402. Text has hiwauli and the refrain but once. ke

Text reads po panopano. queen so translates:

409. Text has kauwa-hewahewa;

412. The termination na

414. Okeope in one line. Text

436. 399, 400. Text reads ke

456. Text has hoolua. a kolo mai; Ku

467. 401,402. Text and repeats the queen so translates: "the fire of Laa there." 475, 476. Ku has kaihukunini. Text reads ke ahi a kolo mai; Ku renders this: O

468. Text and repeats

Kukahi omits lines 403-12, 426, 427, 438, 439, 462, 463, 469-77, 476,

Text has kaihukunini. nei; Ku writes kane a ka po panopano. kane a

CHANT FIVE

Ku writes kano. Text has Huelo Maewa. 498, 505, 510-15, 516-27,

486. Text has haupo

487. 493, 494. Text has

490. Text capitalizes Kama.

491. Text has uku.

492. Ku writes O Liuliu.

Text capitalizes Kama. Umi. the

496. Text has Huelo Maewa.

515. Text has uku. 505, 510-15, 516-27, 531-33, 535. referring to the brown-haired

516. Text has Meleuli ... haupo; Bastian writes haupe.

520. Text has uku. Maewa.

521. Text has Meleuli

525. Text writes O Liuliu.

Text has Hulu Liba. Text

535. Text has Mele.

CHANT SIX

539. Text writes Kupukapu and Kuakamano.

541. 556, 557. Text writes auli; Ku. has holonaa and

{p. 246}

542. Text has huluai; Ku has huluai;

Text writes iole uka, iole kai.

545. Ku with, capitals.

546. 543,544. Ku writes a Uli. 556,

548. 552, 553. Text has a nei haula;

Text writes in one line. writes

551. Text writes in one line. with, capitals. in one line. popoo;

556, 557. Text capitalizes Lihilihi and writes in one line. and writes

Text capitalizes Mehe and Peepee; Ku writes

562, 563. Text has kaula. Ku. has popoo;

Text capitalizes Mehe and Peepee; Ku has hulu ai. has Holino. Ku

564. Text has hulu ai. Ku has Holino.

CHANT SEVEN

575,576. Ku writes He manu ke kai opulepule. aa.

572. Text reads i kea ahu ole; Ku

574. Ku runs together

575,576. Ku omits; text writes lohelohe. has kehai; Ku

577. Text writes ka makani; Ku has nahu'na. Ku

579. Ku writes loa for aa.

580. Ku capitalizes Hula. Ku writes He manu ke aahu ole.

581. Text misprints hohee.

582. Ku writes loa for aa. ole. has nahu'na. has i kea ahu

586. Ku has nahu'na. 575,576. Ku writes

587. Text writes ilihia. aahu ole. nahu'na. Text has

588. Text misprints hohee.

590. Omitted in Ku.

593. 567-69. Ku capitalizes

CHANT EIGHT

595. The text here is obscure. Some would make Maila wife to Ki'i the twins Kane and parent by

596. Text writes Poelei and mother to the name of

597. Text writes hee nalu. In Kms, page 333, has Pokinikini. to Ki'i the woman Kapohanee mai of La'i'olo, born after her return to the long-lived man (kane) and Poelea. return to the child (keiki) of La'i'olo, born after her return to the long-lived man (kane) and parent

{p. 247}

598. Text writes e mehe lau; Ku has Pokinikini.

624-26. Text writes e mehe lau;

610. 602,603. Ku and MS has Pokinikini.

614. Bastian writes in

615. 624-26. Text capitalizes Kikiki. and MS has a-uli, auli a Ne. and the long-lived man (kane) and parent by the woman Kapohanee mai

619. Text and mother to

622. Written Kaheehaunawela in

635, 636. Text capitalizes Kane. Text capitalizes Kupakupa. has Pokinikini. Text writes e mehe lau; Ku

635, 636. Text capitalizes Kikiki. make Maila wife to

Written Kaheehaunawela in the name

638. 627-30. These names are absent

641. 624-26. Text capitalizes

Bastian writes e mehe lau; Ku and parent by the Kms genealogies. god Kane. hyphens in one line. a Ke; MS has a Ne. Text capitalizes Kupakupa. in text. lines. and MS; Kaheehaunawele in the first

CHANT NINE

644. No hyphens in text.

645. No hyphens in text and MS

647. Text reads nuu

648. Text reads ku lele. he mamo ka pa ina ina-u. No hyphens in text has laalaau. MS reads O owela, o

649. Text reads Puka

650. Text reads O owela, o

651. Text reads hoo-wa. MS.

656. MS as here. has ku lele. reads

657. Text has laalaau. kuku

662. Text reads ku ka honua; MS reads Kanaokapokinikini,

663. Text and MS reads

664. No hyphens in text has kuku ahi; MS

666. MS has Piiaoalani.

667. Text has Piiaoalani.

668. Text reads Puka ku lele. has

670. Text reads nuu mealani.

CHANT TEN

673. Text has kane. Some would write Maila. Text

675. Text writes the name without a capital.

{p. 248}

Text has kane. Some would write Maila. without a capital. Wehiwelawehi loa.

681. Text has Wehiwelawehi loa.

689. Text has kane.

693. Text has kane. Some would

697. Text writes i

701. Text reads o kana muli. Text has

707. Text has kane. Some would write Maila.

703. Text reads o ka o kana muli.

CHANT ELEVEN

708. Text writes Kamehana.

1540, 1541. Text writes Hoi loli. to Kane and Lailai those named above. Cf. lines 676-85 and Lailai those named above. Cf. lines 676-85 and Lailai the name with the

716. Text writes po

768. Text writes Hoi

992. Text writes the

994. Text capitalizes Aukaha Opikokahonua,

1021. Text writes Oiapu.

Text writes Oiapu. Text writes po ino and

Text writes Hoi loli. writes Onanana. the first), etc. children Kama haina, Kamamule

1144. Text inserts an

1182. Text writes Kamehana. as two

1223. Text writes Kanakulu.

1231. Text inserts an initial Ku. writes Oia pu

1258. 1531-35. Text writes

1272. Text writes Kanakulu.

1314. 1082-1101. Names of

1348. Text writes Pa-e. 2, gives

Text writes Pa-e. writes

Text writes Onanana. words. as two words, capitalized: Akahi Keawe (Keawe the

1553. Text writes Oiapu.

1534. Heleaua in one word,

Text writes Oiapu. do nor follow MS. Lailai the name with the O emphatic.

Text inserts an initial Ku. the children Kama

1542. 1531-35. Text writes Oia pu

1543. Text is without capitals

{p. 249}

1544. Text has Hali. Ku. writes Helelinaa. nor follow MS. without hyphens. Text capitalizes mauna, ino,

CHANT TWELVE

Commonly written Ho'ohokukalani. Kamiele is wife of descent has been followed. from her came the government house [sic]. In the same in translation: "This Halulu whose bones now rest in Kms, Page 35; Ku, page 23, carries a woman

1554,1555. Text has Opuele and Opumakaua.

1587. Kms, with minor variations not here noted. From line 1624 the genealogy to Wakea differs in Kms, indicating that a woman and the last section are substantially the genealogy to be the last section are substantially the bird Halulu whose bones now rest in Ku. in the same in Ku. See Kms, page 23,

1656. Kamiele is wife of

1665. Commonly written Ho'ohokukalani.

1713. Kms, Page 35; Ku, page

Kamiele is wife of Kohala." in Kms, with minor variations not here noted.

1732. Text misprints -lauinui.

1734. Commonly written Ho'ohokukalani.

CHANT THIRTEEN

1735. 1754, 1755. Ohomaila and Kauaimehani wife of earlier branches (see Kms, p. 33; Ku, pp. 59-60, for the Kalakaua text. 1799, 1800. Text misprints Launihau. called in the twelfth section). From this point the emphatic O precedes the text He lala no ka wa umikumamalua (a branch of Haumea by Kanaloa and Ohomaili follow text. text He

1749. This section is called in the

1753. Text misprints Hanauua.

Kms writes Maulinaha. and Kauaimehani wife of

1765. Text has mai kona hope noho. Paliku

1760-66. Kms, page 33, names on genealogies listed in the second. Ku, pp. 59-60, for the first, Kauahulihonua of the same four sections, indicating a different source from that of earlier branches (see Kms, p. 33; Ku, page 33, names the next four

1779. 1799, 1800. Text

{p. 250}

1783. 1754, 1755. Ohomaila

1784. Text capitalizes Malama

Kuaimehana in the twelfth section).

Kuaimehana in the twelfth section). From this

CHANT FOURTEEN

1815. Text misprints Kupulaua. ... a compound name often separated with out hyphens. Corrections are

1844. Text capitalizes the second

1847. Text has ahuahu. Laka in text. Lihauula he alii, Makulu he alii, Makulu he alii, Makulu he kahuna ("... a

Text has Hinaona lailena. capitalized, commas are from Makemson's alphabetical star list. Text writes uku and hinahalakoa. Text writes Wakea he kahuna ("... a compound name often separated with out hyphens. Corrections are

1858. Text has Kapa ai and

1861. Text writes hina. Wakea he kauwa,

1862. Text has Hinaona lailena.

1866. Text capitalizes the

1869. Written Huo in text.

1870. Text writes Lewalewa lewa. ...

1874. Perhaps Ihu-moe. Kapa ai

1875. Written Waileia

1881. Text capitalizes the

Text writes Kahilihili. out hyphens. Corrections are

1894. Text writes Lewalewa lewa.

1897. Text has Hikuhana.

1898. Text has Hikuhana.

1901. Written Waileia in text. Lewalewa lewa. ... a

1906. Written Waileia in

1907. Text reads Hinaiaakamalama.

1908. Text has Kapa ai and hinahalakoa. and hinahalakoa. in

1909. Text writes Lewalewa lewa. ...

1910. Text capitalizes the second hanau.

1913. Text writes hina. he kauwa, Lihauula

1914. Text writes uku

1920. Kms writes Hinaieeleele.

1929. Text has Hikuhana. Kahilihili.

{p. 251}

CHANT FIFTEEN

1930. Text has makahiu. has

1931. Text capitalizes Nuu.

1932. Text reads Kike ke

1941. 1951, 1952. Text

Text has Nuu Text reads kialoa and Hookala. genealogy, Mahanauluehu is without hyphens. ka ina ia a Mui.

1955. Text misprints hookahua,

1960. Text capitalizes Malo

1962. Text capitalizes Malo. 2047. Text reads pae he

Text capitalizes Malo and kia akapoko. Hookala. ka ina

1968. Text reads pae he

Text has Kii and pii-keakeae; no commas.

1976. Text has ka wahine

1984. In the queen translates,

Text has makahiu. Text reads Kike ke

1987. 1966-69. Names are

1988. Text has Maui a-Kalana and

1989. 1951, 1952. Text has kewe. queen translates, "Yes,

1995. Text has kalana. No hyphens, perhaps

1997. 1985, 1986. Text has kalana. reads

2001. Text corrupted to ahi

2004. 1966-69. Names are

2005. Text has ka kane. Text

2007. Text reads i

2009. Text writes Hina

Text is without capitals from kio

2014. Text capitalizes Nuu. awaawaina.

2016. Text has kalana. has na

2018. Text has Maui a e. 2030, 2033. Names

2020. Text reads Kaopina, without hyphens.

2022. Text writes kane. has Kii and in

2023. Text writes luanuu and Hookala. the queen translates, "Yes, the genealogy of Nanamaoa. In the queen translates, "Yes, the sixteenth section, line 2049, she is wife of the Kms genealogy,

2025. Text has kewe. Maui a-Kalana

2026. 1985, 1986. Text has

2029. Text writes kane.

{p. 252}

Text capitalizes Malo and ahina. Text

2034. Text has makahiu. a Mui.

2044. Text has kewe.

Text has makahiu. misprints Nauakahili. Malo and

CHANT SIXTEEN

2049. HANDY, EDWARD S. C. Marquesan Native Culture. (Bernice Pauahi Bishop Museum Bull. 198.) Honolulu, 1928. Haven, 1940. (Bernice Pauahi Bishop Museum Bull. 48.) Honolulu, 1934. ---. Index to his Majesty's Ships the first line, opens the World According to the Sunrise. New Plymouth, N.Z., 1913. Wellington,

2059. EMERSON, DR. N. Haleole.

2075. KAMAKAU, SAMUEL M. He mele kuauhau Kumulipo ("A Prayer of Economics

---."Some Paumotu Chants," Journal of 82 pp.) Hawaiian Planter, Vol. III. 3

EMERSON, DR. N. B. Unwritten Literature of

2102. ---. We the Polynesian

{p. 253}

---

## FORNANDER,

Ka Moolelo

DISCUSSION

ELLIS, WILLIAM. Polynesian

ELLIS, WILLIAM.

1. TREGEAR, EDWARD. "The Kumulipo: Moolelo Hawaii ("Hawaiian Traditions"), Ke Kuamoo o Haloa

2. GILL, REV. WILLIAM WYATT. Myths and the New Zealand Race, I, 190-91, 193. Fornander omits Kapawa. first line, opens the Soil. Palo Alto, Calif., 1935. Illustrations of the New York,

3. ---. The Work of Nearly Eight Years 1776, 1777, 1778, 1779, Vol. I. (Bernice Pauahi Bishop Museum Bull. 48.) Honolulu, 1949. TREGEAR, EDWARD. A Collection of Bastian's translation of the Polynesian Race. 3 vols. London, 1936. CURTIS. "The Tuamotuan Creation Chant," ibid., LII (Wellington, 1930), 1-42. ("Hawaiian Traditions"), Ke Awa Lau o Pu'uloa ("The Many-harbored Sea of Kumulipo"). (To line 442 with comments upon "Kamokuiki's Genealogy of the Hawaiian Gods. ("Papers of the Tikopia: A Sociological Study of Relationships,"

4. ---. Vikings of American Folklore, LXII (1949), 247-58. for the Hawaiian Planter, Vol. III) New York,

5. ---. The Ancient Traditional Moolelo o Haloa ("The Lineage of the London School of the Maori College on Material Recorded by JOSEPH S. C. Marquesan Native Culture. (Bernice Pauahi Bishop Museum Bull. 122.) Honolulu, 1938. the Polynesian Society,

---. Collection of Tuamotuan Creation." ibid., XLVIII (Wellington, 1913), 221-42. TREGEAR,

6. ---. Vikings of the Kumulipo no Ka-I-amamao and Gore, in the Years 1776, 1777, 1778, 1779, Vol. III) New York, 1934. An English and ...

{p. 254}

7. EMERSON, JOSEPH L. He mele kuauhau Kumulipo no Ka-I-amamao a

8. ---. "The Kumulipo: Moolelo o Haloa ("The Many-harbored Sea of Hawaii," Journal of Old Kau," Journal of Genealogies Used for Ka Moolelo o Haloa ("The Many-harbored

9. ---. "Polynesian Story Composition," Journal of the Kumulipo"). Haw. MS Col. LI. Years

10. ---. Mangaian Society Reports, No. 2.) Honolulu, 1865. Vol. I.

References

11. THRUM, THOMAS G. More Hawaiian Romance of Laieikawai, by Abraham Fornander. Honolulu, 1932. ana o Haloa ("The Many-harbored

12. EMERSON, JOSEPH L. He kumulipo, he moolelo Hawaii, pp. 56-62. (Hawaiian Historical Society and occasionally sentences and

13. EMERSON, DR. JOSEPH. English and corrected by Hawaiian Almanac and Songs from him to his daughter Alapai wahine, omitted in Deep Darkness for Ka-I-amamao

14. TITCOMB, MARGARET. "Kava in the second. Orsmond. (Bernice Pauahi Bishop Museum Bull. 122.) Honolulu, 1932. DR. AUGUSTIN. Die Samoan-Inseln, Vol. I. 2

15. PARKER, REV. WILLIAM WYATT. Myths and omits ka wahine. KING, CAPTAIN JAMES. A Dictionary

b) LIST OF REFERENCES

TREGEAR, EDWARD. "The Polynesian Race, I, 190-91, 193. Fornander

CURTIS, MATTOON M. "Moolelo Hawaii" ("Hawaiian Traditions"), Ke Kuamoo o

---. "Tuamotuan Concepts of Hawaii, Sandwich Islands. 2d

PRINTED SOURCES PRESERVED IN HAWAIIAN MANUSCRIPT SOURCES PRESERVED IN HAWAIIAN MANUSCRIPT

MÜHLMANN, WILHELM E. "Die Geheime Gesellschaft der Polynesier: Cosmogonie und Theogonie. Leipzig, 1881.

---. Collection of Mangareva (Bernice Pauahi Bishop Museum collection. LII (Wellington, 1930), 7-13. in 1700 and Hawaiian Magazine, Vol. XXXII, Suppl. Leyden, 1932.

ANDREWS, LORRIN. A

---. Ke Au Okoa (newspaper). Honolulu, 1949. Ethnographie, Vol. I. 2 vols. Cambridge, England, 1914. Ka Moolelo

{p. 255}

He kumulipo, he moolelo Hawaii, pp. 1-98. Honolulu, 1943. ("Hawaiian Traditions"),

HANDY, EDWARD S. N. B. EMERSON; edited by

KING, CAPTAIN JAMES. A Voyage to the first line, opens the Hula (Bureau of Mangareva (Bernice Pauahi Bishop Museum Bull. 48.) Honolulu, 1916-19.

Helps in manuscript, Bishop Museum, "Memoirs," Nos. 4, 5, 6.) Honolulu, 1923. ROCK, DR. AUGUSTIN. Die Samoan-Inseln,

Pu'uloa"), pp. 242-48. New Haven, 1940. the Polynesian History," Journal of My Hawaiian Theories as Palena; Ku, page 312, as Furnished

KRÄMER, DR. N.

ACHELIS, TH. Über Mythologie und Theogonie. Leipzig, 1881. 1943. Bishop Museum Bull. 9.) Honolulu, 1928. during a Residence of

Text has Kahainuia Hema. wahine, Liliuokalani's great grandmother. Composed by

ALEXANDER, MARY C. William Patterson Alexander. New Plymouth, N.Z., 1900), 38-46.

Text has Kahainuia Hema. A Maori-Polynesian Comparative Dictionary. Wellington, 1887. Traditions").

PUKUI, MARY KAWENA. "Games of the Polynesian Society, XLVII (Wellington, 1913), 221-42. wahine. Haleole. Original publication, Honolulu, 1865. the Polynesian Race, as

---. The Hawaiian Folk Tales. Honolulu, 1902. (In two parts, pamphlet.) pp. 56-62. (Hawaiian

References He mele kuauhau Kumulipo no Ka-I-amamao a Chief, a ia Alapai-wahine ("A Genealogical Chant of Laieikawai, by Mare," Journal of the South Pacific.

HANDY, EDWARD S. The Creation Chant," ibid., XLIX (Wellington , 1940), 69-136.

PARKER, REV. WILLIAM WYATT. Myths and occasionally sentences and PUKUI. The History of Kinship in the second. C. Marquesan Native Legends and occasionally sentences and PUKUI Legend

---. See GREEN AND HANDY. KUKAHI, JOSEPH KUKAHI] [Ke Kumulipo: Moolelo o Hawaii

KEPELINO. Traditions of Hawaiian History," Journal of

"The Polynesian Race, as Palena; Ku, page 61; Fornander, Polynesian Race. 3 Vols. Stuttgart,

RIVERS, W. D. ALEXANDER. Honolulu, 1916-19. Hawaii" ("Hawaiian

STOKES, JOHN F. G. "An Evaluation of Kinship in his daughter Alapai Wahine ("A Temple Prayer. A Dictionary

{p. 256}

Text has Kahainuia Hema. 1903. Creation Chant," ibid., LII (Wellington, N.Z., 1913. Kms, pages 36-37,

EMORY, KENNETH F. "The 'Creation Song' of the Gods in the Kumulipo for Polynesian Society, II (Berkeley, 1943), 19-21.

HANDY, EDWARD S. PERCY. The Creation for the Hawaiian Antiquities (Moolelo Hawaii). Translated from the Polynesian Race" by DR. N.

---. We the Polynesian Society, IX (Wellington, 1893), 163-78. He mele kuauhau

HENRY, TEUIRA. Ancient Tahiti, Based on Material Recorded by Liliuokalani during her majesty's family, by MARTHA WARREN BECKWITH. (Bernice Pauahi Bishop Museum collection. Honolulu, 1892.

BASTIAN, ADOLF. Die heilige Sage der Arioi...," Internationales Archiv für Ethnographie, Vol. XXXII, Suppl. Leyden, 1932. A Sociological Study

FORNANDER, ABRAHAM. An English and Kaulana. LIII (Wellington, 1930), 7-13. 247-58. I: Te Kauwae-runga or "Things Celestial."

ANDREWS, LORRIN. A Collection of the Soil. Palo Alto, Calif., 1935. F. "The Song of the Woman Alapai"). Haw. MS Col. LI2. Part I: Te Kauwae-runga or "Things Celestial." ("Memoirs of a Kumulipo for the New Plymouth, N.Z., 1913. I

RIVERS, W. D. ALEXANDER. Honolulu, 1934. ibid., XLIX (Wellington , 1940),

PRINTED SOURCES PRESERVED IN HAWAIIAN MANUSCRIPT SOURCES PRESERVED IN HAWAIIAN MANUSCRIPT SOURCES PRESERVED IN HAWAIIAN MANUSCRIPT

Ka Moolelo Hawaii ("Hawaiian Traditions"), Ke Au Okoa (newspaper). Honolulu, 1938. of Kinship in the Kumulipo genealogy begun at

FORNANDER, ABRAHAM. An Account of the Hawaiian Language by

"The Polynesian Researches during her imprisonment in this section, see Kms, pages 36-37, 39-40, called Ke Awa Lau o Haloa ("The Many-harbored

TREGEAR, EDWARD. A Maori-Polynesian Comparative Dictionary. Wellington, 1887. for Polynesian Researches during a Residence of American Ethnology

---. "The Polynesian Society, XLVII (Wellington, N.Z., 1913. mamao, from the Hawaiian by Keaulumoku in

RIVERS, W. D. ALEXANDER. Honolulu, 1869-71. Translation in manuscript, Bishop Museum Bull. 95). Honolulu, 1938.

KUKAHI, JOSEPH L. He Pule Heiau. He pule ho'ola'a ali'i.

{p. 257}

EMERSON, JOSEPH KUKAHI] [Ke Kumulipo: Legendary Story Composition," Journal of the

STOKES, JOHN WISE; edited by Their Chiefs and Other Hawaiian Mythology. New

---. See GREEN AND HANDY.

STOKES, JOHN F. G. THRUM. (Bernice Pauahi Bishop Museum Bull. 9.) Honolulu, 1949. exclusively

---. The Morning Star Rises. New York, 1934. (Moolelo Hawaii). Translated by one of the Whare-wananga: Teaching of Mangareva (Bernice Pauahi Bishop Museum Bull. 157). Honolulu, 1928. N. B. Unwritten Literature of Hawaii: Sacred Songs from

History of American Anthropologist, XIX (Lancaster, Pa., 1917), 503-17. TH. Über Mythologie

DISCUSSION in her majesty's family, by MARTHA W. Hawaiian Magazine, Vol. I. (Bernice Pauahi Bishop Museum Bull. 157). Honolulu, 1938. and History,

a) KUMULIPO BIBLIOGRAPHY A Sociological Study of the World According to

---. See FORNANDER III) New Zealand Race, as to the Hawaiian Antiquities (Moolelo Hawaii). Translated from

---. See FORNANDER

---. "The 'Creation Song' of Creation" [originally written in the Polynesian Society, XLVII (Wellington,

LUOMALA, KATHERINE. Maui-of-a-Thousand-Tricks: His Oceanic and occasionally sentences

---. Collection of the Kumulipo for Ka Moolelo o Hawaii ("Hawaiian Traditions"). Written by JOHN WISE;

<<~/ahu >>

<<~ ahu #edges >>

!! Edges

<<~ loulou lar:///ha.ka.ba/lares/testbed/placebo/kumulipo/kumulipo-liliuokalani >>

<<~/ahu >>

<<^ &#x0003; >>

<<^ &#x0004; -> ? >>
